dates,con,gen,off,inj,price [€/MWh],cleared_volume [MW]
2024-12-31 23:00:00+00:00,,,0.19325,0.0,10.62,742.525
2024-12-31 23:15:00+00:00,,,2.825,0.0,10.62,742.525
2024-12-31 23:30:00+00:00,,,17.4,0.0,10.62,742.525
2024-12-31 23:45:00+00:00,,,6.625,0.0,10.62,742.525
2025-01-01 00:00:00+00:00,,,9.4,0.0,10.27,695.6
2025-01-01 00:15:00+00:00,,,20.4,0.0,10.27,695.6
2025-01-01 00:30:00+00:00,,,19.325,0.0,10.27,695.6
2025-01-01 00:45:00+00:00,,,17.525,0.0,10.27,695.6
2025-01-01 01:00:00+00:00,,,5.85,0.0,8.38,665.8
2025-01-01 01:15:00+00:00,,,7.425,0.0,8.38,665.8
2025-01-01 01:30:00+00:00,,,4.05,0.0,8.38,665.8
2025-01-01 01:45:00+00:00,,,0.0,1.67,8.38,665.8
2025-01-01 02:00:00+00:00,,,26.25,0.0,6.61,645.075
2025-01-01 02:15:00+00:00,,,19.7,0.0,6.61,645.075
2025-01-01 02:30:00+00:00,,,18.325,0.0,6.61,645.075
2025-01-01 02:45:00+00:00,,,19.25,0.0,6.61,645.075
2025-01-01 03:00:00+00:00,,,15.7,0.0,2.29,663.575
2025-01-01 03:15:00+00:00,,,12.7,0.0,2.29,663.575
2025-01-01 03:30:00+00:00,,,0.0,6.6,2.29,663.575
2025-01-01 03:45:00+00:00,,,0.0,4.55,2.29,663.575
2025-01-01 04:00:00+00:00,,,31.25,0.0,3.01,668.125
2025-01-01 04:15:00+00:00,,,16.1,0.0,3.01,668.125
2025-01-01 04:30:00+00:00,,,14.35,0.0,3.01,668.125
2025-01-01 04:45:00+00:00,,,3.125,0.0,3.01,668.125
2025-01-01 05:00:00+00:00,,,29.0,0.0,3.52,693.775
2025-01-01 05:15:00+00:00,,,28.25,0.0,3.52,693.775
2025-01-01 05:30:00+00:00,,,0.0,8.3,3.52,693.775
2025-01-01 05:45:00+00:00,,,17.5,0.0,3.52,693.775
2025-01-01 06:00:00+00:00,,,18.425,0.0,2.55,699.3
2025-01-01 06:15:00+00:00,,,28.0,0.0,2.55,699.3
2025-01-01 06:30:00+00:00,,,8.325,0.0,2.55,699.3
2025-01-01 06:45:00+00:00,,,15.275,0.0,2.55,699.3
2025-01-01 07:00:00+00:00,,,49.5,0.0,4.24,804.825
2025-01-01 07:15:00+00:00,,,2.2125,0.0,4.24,804.825
2025-01-01 07:30:00+00:00,,,7.875,0.0,4.24,804.825
2025-01-01 07:45:00+00:00,,,20.1,0.0,4.24,804.825
2025-01-01 08:00:00+00:00,,,36.0,0.0,7.5,832.725
2025-01-01 08:15:00+00:00,,,0.0,17.0,7.5,832.725
2025-01-01 08:30:00+00:00,,,0.0,0.8125,7.5,832.725
2025-01-01 08:45:00+00:00,,,0.0,12.075,7.5,832.725
2025-01-01 09:00:00+00:00,,,0.0,5.15,15.91,895.1
2025-01-01 09:15:00+00:00,,,0.2775,0.0,15.91,895.1
2025-01-01 09:30:00+00:00,,,0.0,28.5,15.91,895.1
2025-01-01 09:45:00+00:00,,,0.0,49.5,15.91,895.1
2025-01-01 10:00:00+00:00,,,0.0,37.0,20.59,920.375
2025-01-01 10:15:00+00:00,,,0.0,31.0,20.59,920.375
2025-01-01 10:30:00+00:00,,,0.0,41.25,20.59,920.375
2025-01-01 10:45:00+00:00,,,0.0,37.0,20.59,920.375
2025-01-01 11:00:00+00:00,,,0.0,8.075,29.94,977.3
2025-01-01 11:15:00+00:00,,,0.0,2.2275,29.94,977.3
2025-01-01 11:30:00+00:00,,,0.0,3.725,29.94,977.3
2025-01-01 11:45:00+00:00,,,0.0,11.85,29.94,977.3
2025-01-01 12:00:00+00:00,,,21.025,0.0,37.14,984.3
2025-01-01 12:15:00+00:00,,,0.0,6.8,37.14,984.3
2025-01-01 12:30:00+00:00,,,0.0,2.975,37.14,984.3
2025-01-01 12:45:00+00:00,,,0.0,6.975,37.14,984.3
2025-01-01 13:00:00+00:00,,,0.0,1.61,26.32,992.875
2025-01-01 13:15:00+00:00,,,3.65,0.0,26.32,992.875
2025-01-01 13:30:00+00:00,,,0.0,0.13175,26.32,992.875
2025-01-01 13:45:00+00:00,,,0.0,2.775,26.32,992.875
2025-01-01 14:00:00+00:00,,,0.0,36.0,22.1,1018.975
2025-01-01 14:15:00+00:00,,,0.0,24.4,22.1,1018.975
2025-01-01 14:30:00+00:00,,,0.0,1.18,22.1,1018.975
2025-01-01 14:45:00+00:00,,,0.0,2.8,22.1,1018.975
2025-01-01 15:00:00+00:00,,,0.0,0.8975,19.28,1019.425
2025-01-01 15:15:00+00:00,,,15.875,0.0,19.28,1019.425
2025-01-01 15:30:00+00:00,,,22.225,0.0,19.28,1019.425
2025-01-01 15:45:00+00:00,,,0.0,4.35,19.28,1019.425
2025-01-01 16:00:00+00:00,,,17.55,0.0,41.92,1114.375
2025-01-01 16:15:00+00:00,,,18.325,0.0,41.92,1114.375
2025-01-01 16:30:00+00:00,,,16.125,0.0,41.92,1114.375
2025-01-01 16:45:00+00:00,,,20.35,0.0,41.92,1114.375
2025-01-01 17:00:00+00:00,,,33.25,0.0,57.95,1166.35
2025-01-01 17:15:00+00:00,,,0.0,0.21275,57.95,1166.35
2025-01-01 17:30:00+00:00,,,14.175,0.0,57.95,1166.35
2025-01-01 17:45:00+00:00,,,18.125,0.0,57.95,1166.35
2025-01-01 18:00:00+00:00,,,16.675,0.0,59.23,1161.35
2025-01-01 18:15:00+00:00,,,26.25,0.0,59.23,1161.35
2025-01-01 18:30:00+00:00,,,6.925,0.0,59.23,1161.35
2025-01-01 18:45:00+00:00,,,15.5,0.0,59.23,1161.35
2025-01-01 19:00:00+00:00,,,25.25,0.0,45.86,1126.675
2025-01-01 19:15:00+00:00,,,29.75,0.0,45.86,1126.675
2025-01-01 19:30:00+00:00,,,12.1,0.0,45.86,1126.675
2025-01-01 19:45:00+00:00,,,1.245,0.0,45.86,1126.675
2025-01-01 20:00:00+00:00,,,47.0,0.0,38.46,1094.75
2025-01-01 20:15:00+00:00,,,9.05,0.0,38.46,1094.75
2025-01-01 20:30:00+00:00,,,34.25,0.0,38.46,1094.75
2025-01-01 20:45:00+00:00,,,38.75,0.0,38.46,1094.75
2025-01-01 21:00:00+00:00,,,45.0,0.0,32.07,1127.65
2025-01-01 21:15:00+00:00,,,48.25,0.0,32.07,1127.65
2025-01-01 21:30:00+00:00,,,39.5,0.0,32.07,1127.65
2025-01-01 21:45:00+00:00,,,18.675,0.0,32.07,1127.65
2025-01-01 22:00:00+00:00,,,12.425,0.0,25.49,1147.675
2025-01-01 22:15:00+00:00,,,14.325,0.0,25.49,1147.675
2025-01-01 22:30:00+00:00,,,3.6,0.0,25.49,1147.675
2025-01-01 22:45:00+00:00,,,2.0825,0.0,25.49,1147.675
2025-01-01 23:00:00+00:00,,,0.0,2.625,46.42,1244.075
2025-01-01 23:15:00+00:00,,,4.525,0.0,46.42,1244.075
2025-01-01 23:30:00+00:00,,,5.025,0.0,46.42,1244.075
2025-01-01 23:45:00+00:00,,,0.0,2.625,46.42,1244.075
2025-01-02 00:00:00+00:00,,,5.275,0.0,61.27,1265.175
2025-01-02 00:15:00+00:00,,,5.85,0.0,61.27,1265.175
2025-01-02 00:30:00+00:00,,,11.95,0.0,61.27,1265.175
2025-01-02 00:45:00+00:00,,,19.825,0.0,61.27,1265.175
2025-01-02 01:00:00+00:00,,,35.5,0.0,62.37,1335.675
2025-01-02 01:15:00+00:00,,,19.75,0.0,62.37,1335.675
2025-01-02 01:30:00+00:00,,,19.275,0.0,62.37,1335.675
2025-01-02 01:45:00+00:00,,,0.01225,0.0,62.37,1335.675
2025-01-02 02:00:00+00:00,,,22.125,0.0,59.83,1402.2
2025-01-02 02:15:00+00:00,,,16.575,0.0,59.83,1402.2
2025-01-02 02:30:00+00:00,,,17.875,0.0,59.83,1402.2
2025-01-02 02:45:00+00:00,,,11.45,0.0,59.83,1402.2
2025-01-02 03:00:00+00:00,,,15.85,0.0,52.61,1451.575
2025-01-02 03:15:00+00:00,,,17.7,0.0,52.61,1451.575
2025-01-02 03:30:00+00:00,,,17.275,0.0,52.61,1451.575
2025-01-02 03:45:00+00:00,,,17.25,0.0,52.61,1451.575
2025-01-02 04:00:00+00:00,,,18.225,0.0,61.63,1521.55
2025-01-02 04:15:00+00:00,,,16.65,0.0,61.63,1521.55
2025-01-02 04:30:00+00:00,,,16.425,0.0,61.63,1521.55
2025-01-02 04:45:00+00:00,,,17.6,0.0,61.63,1521.55
2025-01-02 05:00:00+00:00,,,18.075,0.0,103.55,1641.375
2025-01-02 05:15:00+00:00,,,17.2,0.0,103.55,1641.375
2025-01-02 05:30:00+00:00,,,18.25,0.0,103.55,1641.375
2025-01-02 05:45:00+00:00,,,28.0,0.0,103.55,1641.375
2025-01-02 06:00:00+00:00,,,36.5,0.0,129.62,1736.325
2025-01-02 06:15:00+00:00,,,40.25,0.0,129.62,1736.325
2025-01-02 06:30:00+00:00,,,39.5,0.0,129.62,1736.325
2025-01-02 06:45:00+00:00,,,38.5,0.0,129.62,1736.325
2025-01-02 07:00:00+00:00,,,39.0,0.0,142.71,1803.525
2025-01-02 07:15:00+00:00,,,39.75,0.0,142.71,1803.525
2025-01-02 07:30:00+00:00,,,52.5,0.0,142.71,1803.525
2025-01-02 07:45:00+00:00,,,16.075,0.0,142.71,1803.525
2025-01-02 08:00:00+00:00,,,28.75,0.0,141.4,1943.05
2025-01-02 08:15:00+00:00,,,25.75,0.0,141.4,1943.05
2025-01-02 08:30:00+00:00,,,38.0,0.0,141.4,1943.05
2025-01-02 08:45:00+00:00,,,4.175,0.0,141.4,1943.05
2025-01-02 09:00:00+00:00,,,0.0,28.75,130.25,2012.375
2025-01-02 09:15:00+00:00,,,0.0,27.0,130.25,2012.375
2025-01-02 09:30:00+00:00,,,0.0,30.0,130.25,2012.375
2025-01-02 09:45:00+00:00,,,0.0,67.75,130.25,2012.375
2025-01-02 10:00:00+00:00,,,0.0,69.5,130.6,1865.375
2025-01-02 10:15:00+00:00,,,0.0,106.25,130.6,1865.375
2025-01-02 10:30:00+00:00,,,0.0,126.25,130.6,1865.375
2025-01-02 10:45:00+00:00,,,0.0,137.75,130.6,1865.375
2025-01-02 11:00:00+00:00,,,0.0,145.5,133.89,1696.375
2025-01-02 11:15:00+00:00,,,0.0,121.25,133.89,1696.375
2025-01-02 11:30:00+00:00,,,0.0,122.0,133.89,1696.375
2025-01-02 11:45:00+00:00,,,0.0,147.0,133.89,1696.375
2025-01-02 12:00:00+00:00,,,0.0,129.0,124.11,1689.225
2025-01-02 12:15:00+00:00,,,0.0,144.0,124.11,1689.225
2025-01-02 12:30:00+00:00,,,0.0,164.0,124.11,1689.225
2025-01-02 12:45:00+00:00,,,0.0,105.5,124.11,1689.225
2025-01-02 13:00:00+00:00,,,0.0,149.25,126.45,1717.325
2025-01-02 13:15:00+00:00,,,0.0,85.5,126.45,1717.325
2025-01-02 13:30:00+00:00,,,0.0,64.0,126.45,1717.325
2025-01-02 13:45:00+00:00,,,0.0,90.0,126.45,1717.325
2025-01-02 14:00:00+00:00,,,0.0,15.525,130.11,1759.45
2025-01-02 14:15:00+00:00,,,7.925,0.0,130.11,1759.45
2025-01-02 14:30:00+00:00,,,16.875,0.0,130.11,1759.45
2025-01-02 14:45:00+00:00,,,33.25,0.0,130.11,1759.45
2025-01-02 15:00:00+00:00,,,63.5,0.0,139.04,1888.4
2025-01-02 15:15:00+00:00,,,65.0,0.0,139.04,1888.4
2025-01-02 15:30:00+00:00,,,57.0,0.0,139.04,1888.4
2025-01-02 15:45:00+00:00,,,61.5,0.0,139.04,1888.4
2025-01-02 16:00:00+00:00,,,64.5,0.0,153.13,2028.0
2025-01-02 16:15:00+00:00,,,29.75,0.0,153.13,2028.0
2025-01-02 16:30:00+00:00,,,29.5,0.0,153.13,2028.0
2025-01-02 16:45:00+00:00,,,29.25,0.0,153.13,2028.0
2025-01-02 17:00:00+00:00,,,28.75,0.0,153.04,2005.925
2025-01-02 17:15:00+00:00,,,36.0,0.0,153.04,2005.925
2025-01-02 17:30:00+00:00,,,51.5,0.0,153.04,2005.925
2025-01-02 17:45:00+00:00,,,57.25,0.0,153.04,2005.925
2025-01-02 18:00:00+00:00,,,28.75,0.0,153.06,1890.975
2025-01-02 18:15:00+00:00,,,55.75,0.0,153.06,1890.975
2025-01-02 18:30:00+00:00,,,51.25,0.0,153.06,1890.975
2025-01-02 18:45:00+00:00,,,53.0,0.0,153.06,1890.975
2025-01-02 19:00:00+00:00,,,2.7,0.0,131.07,1701.25
2025-01-02 19:15:00+00:00,,,25.5,0.0,131.07,1701.25
2025-01-02 19:30:00+00:00,,,22.35,0.0,131.07,1701.25
2025-01-02 19:45:00+00:00,,,39.5,0.0,131.07,1701.25
2025-01-02 20:00:00+00:00,,,0.0,2.2475,120.23,1628.4
2025-01-02 20:15:00+00:00,,,0.0,2.3175,120.23,1628.4
2025-01-02 20:30:00+00:00,,,10.825,0.0,120.23,1628.4
2025-01-02 20:45:00+00:00,,,21.2,0.0,120.23,1628.4
2025-01-02 21:00:00+00:00,,,0.0,4.075,117.97,1673.325
2025-01-02 21:15:00+00:00,,,14.475,0.0,117.97,1673.325
2025-01-02 21:30:00+00:00,,,24.425,0.0,117.97,1673.325
2025-01-02 21:45:00+00:00,,,46.0,0.0,117.97,1673.325
2025-01-02 22:00:00+00:00,,,42.0,0.0,112.03,1653.675
2025-01-02 22:15:00+00:00,,,39.5,0.0,112.03,1653.675
2025-01-02 22:30:00+00:00,,,0.14525,0.0,112.03,1653.675
2025-01-02 22:45:00+00:00,,,2.2775,0.0,112.03,1653.675
2025-01-02 23:00:00+00:00,,,0.0,2.3875,105.68,1530.725
2025-01-02 23:15:00+00:00,,,3.3,0.0,105.68,1530.725
2025-01-02 23:30:00+00:00,,,13.8,0.0,105.68,1530.725
2025-01-02 23:45:00+00:00,,,1.7175,0.0,105.68,1530.725
2025-01-03 00:00:00+00:00,,,5.55,0.0,98.54,1470.575
2025-01-03 00:15:00+00:00,,,0.0,0.335,98.54,1470.575
2025-01-03 00:30:00+00:00,,,0.0,2.625,98.54,1470.575
2025-01-03 00:45:00+00:00,,,0.0,2.675,98.54,1470.575
2025-01-03 01:00:00+00:00,,,0.0,0.10725,92.04,1412.1
2025-01-03 01:15:00+00:00,,,18.125,0.0,92.04,1412.1
2025-01-03 01:30:00+00:00,,,18.275,0.0,92.04,1412.1
2025-01-03 01:45:00+00:00,,,14.325,0.0,92.04,1412.1
2025-01-03 02:00:00+00:00,,,16.975,0.0,89.37,1407.85
2025-01-03 02:15:00+00:00,,,18.1,0.0,89.37,1407.85
2025-01-03 02:30:00+00:00,,,18.575,0.0,89.37,1407.85
2025-01-03 02:45:00+00:00,,,20.675,0.0,89.37,1407.85
2025-01-03 03:00:00+00:00,,,31.25,0.0,80.99,1210.775
2025-01-03 03:15:00+00:00,,,21.8,0.0,80.99,1210.775
2025-01-03 03:30:00+00:00,,,32.75,0.0,80.99,1210.775
2025-01-03 03:45:00+00:00,,,9.8,0.0,80.99,1210.775
2025-01-03 04:00:00+00:00,,,21.625,0.0,99.97,1241.05
2025-01-03 04:15:00+00:00,,,42.75,0.0,99.97,1241.05
2025-01-03 04:30:00+00:00,,,22.95,0.0,99.97,1241.05
2025-01-03 04:45:00+00:00,,,23.675,0.0,99.97,1241.05
2025-01-03 05:00:00+00:00,,,0.1205,0.0,108.81,1399.825
2025-01-03 05:15:00+00:00,,,15.375,0.0,108.81,1399.825
2025-01-03 05:30:00+00:00,,,5.15,0.0,108.81,1399.825
2025-01-03 05:45:00+00:00,,,24.35,0.0,108.81,1399.825
2025-01-03 06:00:00+00:00,,,26.0,0.0,113.19,1450.625
2025-01-03 06:15:00+00:00,,,22.55,0.0,113.19,1450.625
2025-01-03 06:30:00+00:00,,,25.25,0.0,113.19,1450.625
2025-01-03 06:45:00+00:00,,,16.975,0.0,113.19,1450.625
2025-01-03 07:00:00+00:00,,,20.35,0.0,117.0,1561.7
2025-01-03 07:15:00+00:00,,,23.7,0.0,117.0,1561.7
2025-01-03 07:30:00+00:00,,,24.275,0.0,117.0,1561.7
2025-01-03 07:45:00+00:00,,,22.475,0.0,117.0,1561.7
2025-01-03 08:00:00+00:00,,,18.375,0.0,147.51,1562.325
2025-01-03 08:15:00+00:00,,,14.65,0.0,147.51,1562.325
2025-01-03 08:30:00+00:00,,,28.75,0.0,147.51,1562.325
2025-01-03 08:45:00+00:00,,,8.975,0.0,147.51,1562.325
2025-01-03 09:00:00+00:00,,,28.0,0.0,145.19,1610.0
2025-01-03 09:15:00+00:00,,,0.0,9.075,145.19,1610.0
2025-01-03 09:30:00+00:00,,,0.0,12.6,145.19,1610.0
2025-01-03 09:45:00+00:00,,,0.0,59.0,145.19,1610.0
2025-01-03 10:00:00+00:00,,,0.0,77.25,101.44,1527.775
2025-01-03 10:15:00+00:00,,,0.0,92.0,101.44,1527.775
2025-01-03 10:30:00+00:00,,,0.0,77.75,101.44,1527.775
2025-01-03 10:45:00+00:00,,,0.0,138.5,101.44,1527.775
2025-01-03 11:00:00+00:00,,,0.0,181.5,95.63,1523.25
2025-01-03 11:15:00+00:00,,,0.0,123.25,95.63,1523.25
2025-01-03 11:30:00+00:00,,,0.0,68.0,95.63,1523.25
2025-01-03 11:45:00+00:00,,,0.0,39.0,95.63,1523.25
2025-01-03 12:00:00+00:00,,,0.0,16.775,97.72,1575.2
2025-01-03 12:15:00+00:00,,,0.0,22.325,97.72,1575.2
2025-01-03 12:30:00+00:00,,,0.0,24.925,97.72,1575.2
2025-01-03 12:45:00+00:00,,,8.5,0.0,97.72,1575.2
2025-01-03 13:00:00+00:00,,,0.0,52.25,101.95,1639.5
2025-01-03 13:15:00+00:00,,,0.0,70.5,101.95,1639.5
2025-01-03 13:30:00+00:00,,,0.0,60.5,101.95,1639.5
2025-01-03 13:45:00+00:00,,,0.0,101.0,101.95,1639.5
2025-01-03 14:00:00+00:00,,,0.0,41.0,119.96,1755.2
2025-01-03 14:15:00+00:00,,,0.0,44.25,119.96,1755.2
2025-01-03 14:30:00+00:00,,,0.0,32.25,119.96,1755.2
2025-01-03 14:45:00+00:00,,,0.0,29.75,119.96,1755.2
2025-01-03 15:00:00+00:00,,,10.625,0.0,133.32,1870.55
2025-01-03 15:15:00+00:00,,,0.0,5.975,133.32,1870.55
2025-01-03 15:30:00+00:00,,,3.05,0.0,133.32,1870.55
2025-01-03 15:45:00+00:00,,,0.4625,0.0,133.32,1870.55
2025-01-03 16:00:00+00:00,,,26.0,0.0,158.28,1964.275
2025-01-03 16:15:00+00:00,,,26.0,0.0,158.28,1964.275
2025-01-03 16:30:00+00:00,,,54.25,0.0,158.28,1964.275
2025-01-03 16:45:00+00:00,,,55.25,0.0,158.28,1964.275
2025-01-03 17:00:00+00:00,,,25.75,0.0,166.95,2002.225
2025-01-03 17:15:00+00:00,,,26.75,0.0,166.95,2002.225
2025-01-03 17:30:00+00:00,,,53.25,0.0,166.95,2002.225
2025-01-03 17:45:00+00:00,,,34.75,0.0,166.95,2002.225
2025-01-03 18:00:00+00:00,,,51.5,0.0,161.94,1922.975
2025-01-03 18:15:00+00:00,,,35.5,0.0,161.94,1922.975
2025-01-03 18:30:00+00:00,,,44.25,0.0,161.94,1922.975
2025-01-03 18:45:00+00:00,,,27.5,0.0,161.94,1922.975
2025-01-03 19:00:00+00:00,,,41.5,0.0,147.31,1816.35
2025-01-03 19:15:00+00:00,,,17.125,0.0,147.31,1816.35
2025-01-03 19:30:00+00:00,,,17.95,0.0,147.31,1816.35
2025-01-03 19:45:00+00:00,,,18.5,0.0,147.31,1816.35
2025-01-03 20:00:00+00:00,,,18.05,0.0,124.91,1755.25
2025-01-03 20:15:00+00:00,,,13.75,0.0,124.91,1755.25
2025-01-03 20:30:00+00:00,,,17.45,0.0,124.91,1755.25
2025-01-03 20:45:00+00:00,,,15.4,0.0,124.91,1755.25
2025-01-03 21:00:00+00:00,,,15.475,0.0,138.25,1755.225
2025-01-03 21:15:00+00:00,,,16.075,0.0,138.25,1755.225
2025-01-03 21:30:00+00:00,,,15.325,0.0,138.25,1755.225
2025-01-03 21:45:00+00:00,,,15.45,0.0,138.25,1755.225
2025-01-03 22:00:00+00:00,,,16.075,0.0,136.75,1771.875
2025-01-03 22:15:00+00:00,,,15.3,0.0,136.75,1771.875
2025-01-03 22:30:00+00:00,,,14.975,0.0,136.75,1771.875
2025-01-03 22:45:00+00:00,,,15.35,0.0,136.75,1771.875
2025-01-03 23:00:00+00:00,,,0.0,5.65,115.0,1794.8
2025-01-03 23:15:00+00:00,,,6.4,0.0,115.0,1794.8
2025-01-03 23:30:00+00:00,,,15.425,0.0,115.0,1794.8
2025-01-03 23:45:00+00:00,,,7.5,0.0,115.0,1794.8
2025-01-04 00:00:00+00:00,,,0.0,5.25,105.11,1710.125
2025-01-04 00:15:00+00:00,,,2.85,0.0,105.11,1710.125
2025-01-04 00:30:00+00:00,,,0.0,1.86,105.11,1710.125
2025-01-04 00:45:00+00:00,,,0.0,2.525,105.11,1710.125
2025-01-04 01:00:00+00:00,,,18.375,0.0,96.77,1651.325
2025-01-04 01:15:00+00:00,,,18.825,0.0,96.77,1651.325
2025-01-04 01:30:00+00:00,,,19.25,0.0,96.77,1651.325
2025-01-04 01:45:00+00:00,,,6.825,0.0,96.77,1651.325
2025-01-04 02:00:00+00:00,,,0.0,4.025,94.7,1627.125
2025-01-04 02:15:00+00:00,,,0.9,0.0,94.7,1627.125
2025-01-04 02:30:00+00:00,,,24.125,0.0,94.7,1627.125
2025-01-04 02:45:00+00:00,,,17.1,0.0,94.7,1627.125
2025-01-04 03:00:00+00:00,,,15.85,0.0,96.32,1647.05
2025-01-04 03:15:00+00:00,,,0.0,2.675,96.32,1647.05
2025-01-04 03:30:00+00:00,,,4.0,0.0,96.32,1647.05
2025-01-04 03:45:00+00:00,,,0.0,9.25,96.32,1647.05
2025-01-04 04:00:00+00:00,,,17.275,0.0,102.4,1649.575
2025-01-04 04:15:00+00:00,,,18.15,0.0,102.4,1649.575
2025-01-04 04:30:00+00:00,,,16.6,0.0,102.4,1649.575
2025-01-04 04:45:00+00:00,,,39.0,0.0,102.4,1649.575
2025-01-04 05:00:00+00:00,,,31.25,0.0,110.78,1589.15
2025-01-04 05:15:00+00:00,,,30.25,0.0,110.78,1589.15
2025-01-04 05:30:00+00:00,,,4.65,0.0,110.78,1589.15
2025-01-04 05:45:00+00:00,,,3.525,0.0,110.78,1589.15
2025-01-04 06:00:00+00:00,,,20.1,0.0,120.1,1631.05
2025-01-04 06:15:00+00:00,,,18.0,0.0,120.1,1631.05
2025-01-04 06:30:00+00:00,,,14.15,0.0,120.1,1631.05
2025-01-04 06:45:00+00:00,,,5.1,0.0,120.1,1631.05
2025-01-04 07:00:00+00:00,,,20.075,0.0,128.39,1691.975
2025-01-04 07:15:00+00:00,,,23.175,0.0,128.39,1691.975
2025-01-04 07:30:00+00:00,,,23.025,0.0,128.39,1691.975
2025-01-04 07:45:00+00:00,,,18.075,0.0,128.39,1691.975
2025-01-04 08:00:00+00:00,,,15.225,0.0,130.75,1793.25
2025-01-04 08:15:00+00:00,,,6.525,0.0,130.75,1793.25
2025-01-04 08:30:00+00:00,,,0.0,6.525,130.75,1793.25
2025-01-04 08:45:00+00:00,,,0.0,18.025,130.75,1793.25
2025-01-04 09:00:00+00:00,,,0.0,3.15,130.34,1826.7
2025-01-04 09:15:00+00:00,,,0.0,47.75,130.34,1826.7
2025-01-04 09:30:00+00:00,,,0.0,63.0,130.34,1826.7
2025-01-04 09:45:00+00:00,,,0.0,78.25,130.34,1826.7
2025-01-04 10:00:00+00:00,,,0.0,88.0,128.29,1849.925
2025-01-04 10:15:00+00:00,,,0.0,140.75,128.29,1849.925
2025-01-04 10:30:00+00:00,,,0.0,147.75,128.29,1849.925
2025-01-04 10:45:00+00:00,,,0.0,163.75,128.29,1849.925
2025-01-04 11:00:00+00:00,,,0.0,151.5,130.03,1847.6
2025-01-04 11:15:00+00:00,,,0.0,145.75,130.03,1847.6
2025-01-04 11:30:00+00:00,,,0.0,168.5,130.03,1847.6
2025-01-04 11:45:00+00:00,,,0.0,188.0,130.03,1847.6
2025-01-04 12:00:00+00:00,,,0.0,178.5,129.85,1835.225
2025-01-04 12:15:00+00:00,,,0.0,108.5,129.85,1835.225
2025-01-04 12:30:00+00:00,,,0.0,96.0,129.85,1835.225
2025-01-04 12:45:00+00:00,,,0.0,58.5,129.85,1835.225
2025-01-04 13:00:00+00:00,,,0.0,62.75,136.4,1871.725
2025-01-04 13:15:00+00:00,,,0.0,148.75,136.4,1871.725
2025-01-04 13:30:00+00:00,,,0.0,157.75,136.4,1871.725
2025-01-04 13:45:00+00:00,,,0.0,109.5,136.4,1871.725
2025-01-04 14:00:00+00:00,,,0.0,58.25,138.81,1959.05
2025-01-04 14:15:00+00:00,,,0.0,77.5,138.81,1959.05
2025-01-04 14:30:00+00:00,,,0.0,57.0,138.81,1959.05
2025-01-04 14:45:00+00:00,,,0.0,8.275,138.81,1959.05
2025-01-04 15:00:00+00:00,,,0.0,8.7,136.85,2066.025
2025-01-04 15:15:00+00:00,,,0.375,0.0,136.85,2066.025
2025-01-04 15:30:00+00:00,,,7.9,0.0,136.85,2066.025
2025-01-04 15:45:00+00:00,,,11.65,0.0,136.85,2066.025
2025-01-04 16:00:00+00:00,,,17.2,0.0,142.53,2178.35
2025-01-04 16:15:00+00:00,,,17.8,0.0,142.53,2178.35
2025-01-04 16:30:00+00:00,,,17.275,0.0,142.53,2178.35
2025-01-04 16:45:00+00:00,,,46.75,0.0,142.53,2178.35
2025-01-04 17:00:00+00:00,,,45.5,0.0,144.38,2157.725
2025-01-04 17:15:00+00:00,,,46.0,0.0,144.38,2157.725
2025-01-04 17:30:00+00:00,,,48.25,0.0,144.38,2157.725
2025-01-04 17:45:00+00:00,,,47.75,0.0,144.38,2157.725
2025-01-04 18:00:00+00:00,,,47.75,0.0,138.84,2014.125
2025-01-04 18:15:00+00:00,,,48.0,0.0,138.84,2014.125
2025-01-04 18:30:00+00:00,,,17.5,0.0,138.84,2014.125
2025-01-04 18:45:00+00:00,,,18.45,0.0,138.84,2014.125
2025-01-04 19:00:00+00:00,,,23.45,0.0,129.99,1814.35
2025-01-04 19:15:00+00:00,,,19.775,0.0,129.99,1814.35
2025-01-04 19:30:00+00:00,,,19.3,0.0,129.99,1814.35
2025-01-04 19:45:00+00:00,,,17.325,0.0,129.99,1814.35
2025-01-04 20:00:00+00:00,,,4.95,0.0,123.33,1658.775
2025-01-04 20:15:00+00:00,,,16.675,0.0,123.33,1658.775
2025-01-04 20:30:00+00:00,,,17.15,0.0,123.33,1658.775
2025-01-04 20:45:00+00:00,,,17.7,0.0,123.33,1658.775
2025-01-04 21:00:00+00:00,,,16.425,0.0,118.76,1646.8
2025-01-04 21:15:00+00:00,,,22.275,0.0,118.76,1646.8
2025-01-04 21:30:00+00:00,,,16.3,0.0,118.76,1646.8
2025-01-04 21:45:00+00:00,,,15.3,0.0,118.76,1646.8
2025-01-04 22:00:00+00:00,,,16.725,0.0,109.7,1593.9
2025-01-04 22:15:00+00:00,,,18.675,0.0,109.7,1593.9
2025-01-04 22:30:00+00:00,,,8.4,0.0,109.7,1593.9
2025-01-04 22:45:00+00:00,,,0.0,4.475,109.7,1593.9
2025-01-04 23:00:00+00:00,,,15.95,0.0,106.68,1405.35
2025-01-04 23:15:00+00:00,,,12.05,0.0,106.68,1405.35
2025-01-04 23:30:00+00:00,,,16.225,0.0,106.68,1405.35
2025-01-04 23:45:00+00:00,,,3.05,0.0,106.68,1405.35
2025-01-05 00:00:00+00:00,,,39.0,0.0,81.88,1365.425
2025-01-05 00:15:00+00:00,,,37.75,0.0,81.88,1365.425
2025-01-05 00:30:00+00:00,,,32.75,0.0,81.88,1365.425
2025-01-05 00:45:00+00:00,,,20.075,0.0,81.88,1365.425
2025-01-05 01:00:00+00:00,,,36.0,0.0,74.6,1279.775
2025-01-05 01:15:00+00:00,,,18.1,0.0,74.6,1279.775
2025-01-05 01:30:00+00:00,,,15.75,0.0,74.6,1279.775
2025-01-05 01:45:00+00:00,,,13.675,0.0,74.6,1279.775
2025-01-05 02:00:00+00:00,,,16.175,0.0,63.59,1216.775
2025-01-05 02:15:00+00:00,,,21.1,0.0,63.59,1216.775
2025-01-05 02:30:00+00:00,,,22.85,0.0,63.59,1216.775
2025-01-05 02:45:00+00:00,,,14.675,0.0,63.59,1216.775
2025-01-05 03:00:00+00:00,,,12.325,0.0,58.84,1188.1
2025-01-05 03:15:00+00:00,,,5.475,0.0,58.84,1188.1
2025-01-05 03:30:00+00:00,,,0.12075,0.0,58.84,1188.1
2025-01-05 03:45:00+00:00,,,0.0,12.5,58.84,1188.1
2025-01-05 04:00:00+00:00,,,0.0,38.5,51.18,1161.4
2025-01-05 04:15:00+00:00,,,0.0,43.0,51.18,1161.4
2025-01-05 04:30:00+00:00,,,0.0,30.75,51.18,1161.4
2025-01-05 04:45:00+00:00,,,0.0,35.75,51.18,1161.4
2025-01-05 05:00:00+00:00,,,31.25,0.0,49.58,1183.575
2025-01-05 05:15:00+00:00,,,3.175,0.0,49.58,1183.575
2025-01-05 05:30:00+00:00,,,34.0,0.0,49.58,1183.575
2025-01-05 05:45:00+00:00,,,7.75,0.0,49.58,1183.575
2025-01-05 06:00:00+00:00,,,56.0,0.0,54.29,1211.45
2025-01-05 06:15:00+00:00,,,49.5,0.0,54.29,1211.45
2025-01-05 06:30:00+00:00,,,34.5,0.0,54.29,1211.45
2025-01-05 06:45:00+00:00,,,4.7,0.0,54.29,1211.45
2025-01-05 07:00:00+00:00,,,49.75,0.0,62.2,1266.825
2025-01-05 07:15:00+00:00,,,53.75,0.0,62.2,1266.825
2025-01-05 07:30:00+00:00,,,41.0,0.0,62.2,1266.825
2025-01-05 07:45:00+00:00,,,28.5,0.0,62.2,1266.825
2025-01-05 08:00:00+00:00,,,23.05,0.0,62.6,1277.275
2025-01-05 08:15:00+00:00,,,0.0,0.4,62.6,1277.275
2025-01-05 08:30:00+00:00,,,0.0,3.9,62.6,1277.275
2025-01-05 08:45:00+00:00,,,0.0,21.25,62.6,1277.275
2025-01-05 09:00:00+00:00,,,0.0,49.5,64.17,1281.475
2025-01-05 09:15:00+00:00,,,0.0,43.25,64.17,1281.475
2025-01-05 09:30:00+00:00,,,0.0,19.325,64.17,1281.475
2025-01-05 09:45:00+00:00,,,0.0,9.775,64.17,1281.475
2025-01-05 10:00:00+00:00,,,0.73,0.0,60.18,1271.55
2025-01-05 10:15:00+00:00,,,22.1,0.0,60.18,1271.55
2025-01-05 10:30:00+00:00,,,35.0,0.0,60.18,1271.55
2025-01-05 10:45:00+00:00,,,40.0,0.0,60.18,1271.55
2025-01-05 11:00:00+00:00,,,55.0,0.0,68.2,1263.1
2025-01-05 11:15:00+00:00,,,53.75,0.0,68.2,1263.1
2025-01-05 11:30:00+00:00,,,53.0,0.0,68.2,1263.1
2025-01-05 11:45:00+00:00,,,69.75,0.0,68.2,1263.1
2025-01-05 12:00:00+00:00,,,69.75,0.0,59.23,1230.625
2025-01-05 12:15:00+00:00,,,71.25,0.0,59.23,1230.625
2025-01-05 12:30:00+00:00,,,101.0,0.0,59.23,1230.625
2025-01-05 12:45:00+00:00,,,75.5,0.0,59.23,1230.625
2025-01-05 13:00:00+00:00,,,73.25,0.0,52.71,1242.6
2025-01-05 13:15:00+00:00,,,56.75,0.0,52.71,1242.6
2025-01-05 13:30:00+00:00,,,59.5,0.0,52.71,1242.6
2025-01-05 13:45:00+00:00,,,57.75,0.0,52.71,1242.6
2025-01-05 14:00:00+00:00,,,61.25,0.0,37.25,1244.8
2025-01-05 14:15:00+00:00,,,92.25,0.0,37.25,1244.8
2025-01-05 14:30:00+00:00,,,81.0,0.0,37.25,1244.8
2025-01-05 14:45:00+00:00,,,77.25,0.0,37.25,1244.8
2025-01-05 15:00:00+00:00,,,89.0,0.0,39.38,1252.625
2025-01-05 15:15:00+00:00,,,87.75,0.0,39.38,1252.625
2025-01-05 15:30:00+00:00,,,59.0,0.0,39.38,1252.625
2025-01-05 15:45:00+00:00,,,57.25,0.0,39.38,1252.625
2025-01-05 16:00:00+00:00,,,56.25,0.0,59.6,1331.225
2025-01-05 16:15:00+00:00,,,56.5,0.0,59.6,1331.225
2025-01-05 16:30:00+00:00,,,43.5,0.0,59.6,1331.225
2025-01-05 16:45:00+00:00,,,18.775,0.0,59.6,1331.225
2025-01-05 17:00:00+00:00,,,18.8,0.0,62.25,1359.75
2025-01-05 17:15:00+00:00,,,17.225,0.0,62.25,1359.75
2025-01-05 17:30:00+00:00,,,17.85,0.0,62.25,1359.75
2025-01-05 17:45:00+00:00,,,17.225,0.0,62.25,1359.75
2025-01-05 18:00:00+00:00,,,16.675,0.0,54.18,1331.425
2025-01-05 18:15:00+00:00,,,18.925,0.0,54.18,1331.425
2025-01-05 18:30:00+00:00,,,16.825,0.0,54.18,1331.425
2025-01-05 18:45:00+00:00,,,0.0,1.6875,54.18,1331.425
2025-01-05 19:00:00+00:00,,,0.0,5.075,44.5,1288.725
2025-01-05 19:15:00+00:00,,,0.0,5.25,44.5,1288.725
2025-01-05 19:30:00+00:00,,,0.0,1.7775,44.5,1288.725
2025-01-05 19:45:00+00:00,,,0.0,8.925,44.5,1288.725
2025-01-05 20:00:00+00:00,,,6.95,0.0,42.97,1229.7
2025-01-05 20:15:00+00:00,,,17.925,0.0,42.97,1229.7
2025-01-05 20:30:00+00:00,,,0.0,4.125,42.97,1229.7
2025-01-05 20:45:00+00:00,,,0.0,3.975,42.97,1229.7
2025-01-05 21:00:00+00:00,,,0.0,0.49,34.88,1217.0
2025-01-05 21:15:00+00:00,,,0.335,0.0,34.88,1217.0
2025-01-05 21:30:00+00:00,,,6.9,0.0,34.88,1217.0
2025-01-05 21:45:00+00:00,,,19.875,0.0,34.88,1217.0
2025-01-05 22:00:00+00:00,,,21.55,0.0,20.36,1170.5
2025-01-05 22:15:00+00:00,,,18.725,0.0,20.36,1170.5
2025-01-05 22:30:00+00:00,,,12.0,0.0,20.36,1170.5
2025-01-05 22:45:00+00:00,,,16.85,0.0,20.36,1170.5
2025-01-05 23:00:00+00:00,,,24.1,0.0,16.66,1020.8
2025-01-05 23:15:00+00:00,,,26.75,0.0,16.66,1020.8
2025-01-05 23:30:00+00:00,,,26.0,0.0,16.66,1020.8
2025-01-05 23:45:00+00:00,,,25.5,0.0,16.66,1020.8
2025-01-06 00:00:00+00:00,,,26.5,0.0,8.35,1021.475
2025-01-06 00:15:00+00:00,,,29.5,0.0,8.35,1021.475
2025-01-06 00:30:00+00:00,,,27.5,0.0,8.35,1021.475
2025-01-06 00:45:00+00:00,,,34.0,0.0,8.35,1021.475
2025-01-06 01:00:00+00:00,,,38.5,0.0,4.9,1028.85
2025-01-06 01:15:00+00:00,,,39.5,0.0,4.9,1028.85
2025-01-06 01:30:00+00:00,,,35.25,0.0,4.9,1028.85
2025-01-06 01:45:00+00:00,,,37.75,0.0,4.9,1028.85
2025-01-06 02:00:00+00:00,,,37.25,0.0,2.77,1016.125
2025-01-06 02:15:00+00:00,,,37.0,0.0,2.77,1016.125
2025-01-06 02:30:00+00:00,,,38.75,0.0,2.77,1016.125
2025-01-06 02:45:00+00:00,,,36.75,0.0,2.77,1016.125
2025-01-06 03:00:00+00:00,,,42.5,0.0,2.51,1041.95
2025-01-06 03:15:00+00:00,,,43.5,0.0,2.51,1041.95
2025-01-06 03:30:00+00:00,,,35.75,0.0,2.51,1041.95
2025-01-06 03:45:00+00:00,,,32.0,0.0,2.51,1041.95
2025-01-06 04:00:00+00:00,,,25.5,0.0,4.39,1123.525
2025-01-06 04:15:00+00:00,,,29.25,0.0,4.39,1123.525
2025-01-06 04:30:00+00:00,,,39.75,0.0,4.39,1123.525
2025-01-06 04:45:00+00:00,,,31.25,0.0,4.39,1123.525
2025-01-06 05:00:00+00:00,,,31.5,0.0,10.53,1273.6
2025-01-06 05:15:00+00:00,,,51.75,0.0,10.53,1273.6
2025-01-06 05:30:00+00:00,,,42.25,0.0,10.53,1273.6
2025-01-06 05:45:00+00:00,,,30.5,0.0,10.53,1273.6
2025-01-06 06:00:00+00:00,,,59.75,0.0,36.7,1398.7
2025-01-06 06:15:00+00:00,,,22.8,0.0,36.7,1398.7
2025-01-06 06:30:00+00:00,,,16.75,0.0,36.7,1398.7
2025-01-06 06:45:00+00:00,,,53.5,0.0,36.7,1398.7
2025-01-06 07:00:00+00:00,,,30.25,0.0,58.15,1494.125
2025-01-06 07:15:00+00:00,,,47.5,0.0,58.15,1494.125
2025-01-06 07:30:00+00:00,,,64.75,0.0,58.15,1494.125
2025-01-06 07:45:00+00:00,,,41.5,0.0,58.15,1494.125
2025-01-06 08:00:00+00:00,,,4.425,0.0,53.71,1500.25
2025-01-06 08:15:00+00:00,,,16.475,0.0,53.71,1500.25
2025-01-06 08:30:00+00:00,,,29.0,0.0,53.71,1500.25
2025-01-06 08:45:00+00:00,,,32.25,0.0,53.71,1500.25
2025-01-06 09:00:00+00:00,,,32.0,0.0,43.81,1491.05
2025-01-06 09:15:00+00:00,,,33.0,0.0,43.81,1491.05
2025-01-06 09:30:00+00:00,,,35.75,0.0,43.81,1491.05
2025-01-06 09:45:00+00:00,,,36.5,0.0,43.81,1491.05
2025-01-06 10:00:00+00:00,,,35.5,0.0,35.1,1481.525
2025-01-06 10:15:00+00:00,,,36.25,0.0,35.1,1481.525
2025-01-06 10:30:00+00:00,,,70.5,0.0,35.1,1481.525
2025-01-06 10:45:00+00:00,,,68.75,0.0,35.1,1481.525
2025-01-06 11:00:00+00:00,,,40.5,0.0,33.12,1457.175
2025-01-06 11:15:00+00:00,,,45.0,0.0,33.12,1457.175
2025-01-06 11:30:00+00:00,,,69.25,0.0,33.12,1457.175
2025-01-06 11:45:00+00:00,,,70.75,0.0,33.12,1457.175
2025-01-06 12:00:00+00:00,,,68.25,0.0,31.32,1478.25
2025-01-06 12:15:00+00:00,,,67.0,0.0,31.32,1478.25
2025-01-06 12:30:00+00:00,,,65.0,0.0,31.32,1478.25
2025-01-06 12:45:00+00:00,,,50.5,0.0,31.32,1478.25
2025-01-06 13:00:00+00:00,,,46.25,0.0,35.3,1489.35
2025-01-06 13:15:00+00:00,,,45.25,0.0,35.3,1489.35
2025-01-06 13:30:00+00:00,,,34.75,0.0,35.3,1489.35
2025-01-06 13:45:00+00:00,,,12.125,0.0,35.3,1489.35
2025-01-06 14:00:00+00:00,,,44.0,0.0,37.23,1509.175
2025-01-06 14:15:00+00:00,,,34.5,0.0,37.23,1509.175
2025-01-06 14:30:00+00:00,,,33.0,0.0,37.23,1509.175
2025-01-06 14:45:00+00:00,,,5.525,0.0,37.23,1509.175
2025-01-06 15:00:00+00:00,,,57.25,0.0,44.05,1546.375
2025-01-06 15:15:00+00:00,,,50.0,0.0,44.05,1546.375
2025-01-06 15:30:00+00:00,,,27.5,0.0,44.05,1546.375
2025-01-06 15:45:00+00:00,,,29.75,0.0,44.05,1546.375
2025-01-06 16:00:00+00:00,,,29.0,0.0,71.89,1601.75
2025-01-06 16:15:00+00:00,,,29.75,0.0,71.89,1601.75
2025-01-06 16:30:00+00:00,,,28.5,0.0,71.89,1601.75
2025-01-06 16:45:00+00:00,,,29.75,0.0,71.89,1601.75
2025-01-06 17:00:00+00:00,,,28.75,0.0,108.2,1590.175
2025-01-06 17:15:00+00:00,,,28.0,0.0,108.2,1590.175
2025-01-06 17:30:00+00:00,,,27.0,0.0,108.2,1590.175
2025-01-06 17:45:00+00:00,,,26.75,0.0,108.2,1590.175
2025-01-06 18:00:00+00:00,,,26.0,0.0,94.83,1547.6
2025-01-06 18:15:00+00:00,,,18.55,0.0,94.83,1547.6
2025-01-06 18:30:00+00:00,,,31.0,0.0,94.83,1547.6
2025-01-06 18:45:00+00:00,,,32.25,0.0,94.83,1547.6
2025-01-06 19:00:00+00:00,,,27.0,0.0,74.32,1449.65
2025-01-06 19:15:00+00:00,,,25.5,0.0,74.32,1449.65
2025-01-06 19:30:00+00:00,,,10.0,0.0,74.32,1449.65
2025-01-06 19:45:00+00:00,,,10.275,0.0,74.32,1449.65
2025-01-06 20:00:00+00:00,,,13.475,0.0,53.68,1386.025
2025-01-06 20:15:00+00:00,,,38.25,0.0,53.68,1386.025
2025-01-06 20:30:00+00:00,,,42.0,0.0,53.68,1386.025
2025-01-06 20:45:00+00:00,,,41.25,0.0,53.68,1386.025
2025-01-06 21:00:00+00:00,,,19.425,0.0,53.28,1403.05
2025-01-06 21:15:00+00:00,,,9.825,0.0,53.28,1403.05
2025-01-06 21:30:00+00:00,,,0.0,2.525,53.28,1403.05
2025-01-06 21:45:00+00:00,,,0.0,3.05,53.28,1403.05
2025-01-06 22:00:00+00:00,,,0.0,4.5,37.0,1406.0
2025-01-06 22:15:00+00:00,,,6.4,0.0,37.0,1406.0
2025-01-06 22:30:00+00:00,,,0.0,1.045,37.0,1406.0
2025-01-06 22:45:00+00:00,,,8.8,0.0,37.0,1406.0
2025-01-06 23:00:00+00:00,,,2.07,0.0,20.06,1241.725
2025-01-06 23:15:00+00:00,,,5.65,0.0,20.06,1241.725
2025-01-06 23:30:00+00:00,,,31.5,0.0,20.06,1241.725
2025-01-06 23:45:00+00:00,,,34.0,0.0,20.06,1241.725
2025-01-07 00:00:00+00:00,,,33.25,0.0,6.25,1207.35
2025-01-07 00:15:00+00:00,,,27.75,0.0,6.25,1207.35
2025-01-07 00:30:00+00:00,,,24.525,0.0,6.25,1207.35
2025-01-07 00:45:00+00:00,,,35.75,0.0,6.25,1207.35
2025-01-07 01:00:00+00:00,,,19.55,0.0,10.4,1178.575
2025-01-07 01:15:00+00:00,,,32.75,0.0,10.4,1178.575
2025-01-07 01:30:00+00:00,,,33.5,0.0,10.4,1178.575
2025-01-07 01:45:00+00:00,,,33.5,0.0,10.4,1178.575
2025-01-07 02:00:00+00:00,,,33.25,0.0,5.21,1221.525
2025-01-07 02:15:00+00:00,,,39.0,0.0,5.21,1221.525
2025-01-07 02:30:00+00:00,,,47.5,0.0,5.21,1221.525
2025-01-07 02:45:00+00:00,,,57.0,0.0,5.21,1221.525
2025-01-07 03:00:00+00:00,,,57.0,0.0,0.56,1245.9
2025-01-07 03:15:00+00:00,,,51.75,0.0,0.56,1245.9
2025-01-07 03:30:00+00:00,,,43.5,0.0,0.56,1245.9
2025-01-07 03:45:00+00:00,,,22.275,0.0,0.56,1245.9
2025-01-07 04:00:00+00:00,,,36.25,0.0,8.28,1316.575
2025-01-07 04:15:00+00:00,,,33.0,0.0,8.28,1316.575
2025-01-07 04:30:00+00:00,,,21.75,0.0,8.28,1316.575
2025-01-07 04:45:00+00:00,,,48.0,0.0,8.28,1316.575
2025-01-07 05:00:00+00:00,,,39.0,0.0,56.86,1475.05
2025-01-07 05:15:00+00:00,,,28.0,0.0,56.86,1475.05
2025-01-07 05:30:00+00:00,,,28.0,0.0,56.86,1475.05
2025-01-07 05:45:00+00:00,,,26.0,0.0,56.86,1475.05
2025-01-07 06:00:00+00:00,,,47.5,0.0,99.55,1589.6
2025-01-07 06:15:00+00:00,,,33.75,0.0,99.55,1589.6
2025-01-07 06:30:00+00:00,,,46.0,0.0,99.55,1589.6
2025-01-07 06:45:00+00:00,,,20.0,0.0,99.55,1589.6
2025-01-07 07:00:00+00:00,,,47.5,0.0,125.91,1669.95
2025-01-07 07:15:00+00:00,,,62.75,0.0,125.91,1669.95
2025-01-07 07:30:00+00:00,,,74.75,0.0,125.91,1669.95
2025-01-07 07:45:00+00:00,,,73.0,0.0,125.91,1669.95
2025-01-07 08:00:00+00:00,,,34.5,0.0,111.92,1698.3
2025-01-07 08:15:00+00:00,,,21.075,0.0,111.92,1698.3
2025-01-07 08:30:00+00:00,,,27.25,0.0,111.92,1698.3
2025-01-07 08:45:00+00:00,,,17.775,0.0,111.92,1698.3
2025-01-07 09:00:00+00:00,,,19.65,0.0,98.21,1663.775
2025-01-07 09:15:00+00:00,,,9.85,0.0,98.21,1663.775
2025-01-07 09:30:00+00:00,,,14.2,0.0,98.21,1663.775
2025-01-07 09:45:00+00:00,,,34.0,0.0,98.21,1663.775
2025-01-07 10:00:00+00:00,,,22.45,0.0,74.91,1599.35
2025-01-07 10:15:00+00:00,,,27.25,0.0,74.91,1599.35
2025-01-07 10:30:00+00:00,,,19.45,0.0,74.91,1599.35
2025-01-07 10:45:00+00:00,,,59.0,0.0,74.91,1599.35
2025-01-07 11:00:00+00:00,,,67.0,0.0,68.96,1558.925
2025-01-07 11:15:00+00:00,,,20.025,0.0,68.96,1558.925
2025-01-07 11:30:00+00:00,,,17.95,0.0,68.96,1558.925
2025-01-07 11:45:00+00:00,,,28.25,0.0,68.96,1558.925
2025-01-07 12:00:00+00:00,,,74.25,0.0,69.1,1562.15
2025-01-07 12:15:00+00:00,,,59.25,0.0,69.1,1562.15
2025-01-07 12:30:00+00:00,,,55.5,0.0,69.1,1562.15
2025-01-07 12:45:00+00:00,,,52.75,0.0,69.1,1562.15
2025-01-07 13:00:00+00:00,,,62.75,0.0,76.42,1582.3
2025-01-07 13:15:00+00:00,,,53.25,0.0,76.42,1582.3
2025-01-07 13:30:00+00:00,,,56.5,0.0,76.42,1582.3
2025-01-07 13:45:00+00:00,,,47.25,0.0,76.42,1582.3
2025-01-07 14:00:00+00:00,,,56.25,0.0,83.16,1632.625
2025-01-07 14:15:00+00:00,,,53.25,0.0,83.16,1632.625
2025-01-07 14:30:00+00:00,,,33.25,0.0,83.16,1632.625
2025-01-07 14:45:00+00:00,,,23.95,0.0,83.16,1632.625
2025-01-07 15:00:00+00:00,,,13.3,0.0,104.34,1679.825
2025-01-07 15:15:00+00:00,,,23.475,0.0,104.34,1679.825
2025-01-07 15:30:00+00:00,,,22.85,0.0,104.34,1679.825
2025-01-07 15:45:00+00:00,,,17.875,0.0,104.34,1679.825
2025-01-07 16:00:00+00:00,,,15.25,0.0,124.83,1789.8
2025-01-07 16:15:00+00:00,,,16.425,0.0,124.83,1789.8
2025-01-07 16:30:00+00:00,,,17.025,0.0,124.83,1789.8
2025-01-07 16:45:00+00:00,,,17.575,0.0,124.83,1789.8
2025-01-07 17:00:00+00:00,,,4.6,0.0,140.0,1832.125
2025-01-07 17:15:00+00:00,,,4.2,0.0,140.0,1832.125
2025-01-07 17:30:00+00:00,,,9.2,0.0,140.0,1832.125
2025-01-07 17:45:00+00:00,,,19.775,0.0,140.0,1832.125
2025-01-07 18:00:00+00:00,,,16.375,0.0,144.12,1720.675
2025-01-07 18:15:00+00:00,,,18.075,0.0,144.12,1720.675
2025-01-07 18:30:00+00:00,,,15.6,0.0,144.12,1720.675
2025-01-07 18:45:00+00:00,,,14.625,0.0,144.12,1720.675
2025-01-07 19:00:00+00:00,,,7.175,0.0,120.06,1587.7
2025-01-07 19:15:00+00:00,,,7.85,0.0,120.06,1587.7
2025-01-07 19:30:00+00:00,,,14.325,0.0,120.06,1587.7
2025-01-07 19:45:00+00:00,,,34.75,0.0,120.06,1587.7
2025-01-07 20:00:00+00:00,,,37.25,0.0,105.7,1496.875
2025-01-07 20:15:00+00:00,,,16.85,0.0,105.7,1496.875
2025-01-07 20:30:00+00:00,,,14.725,0.0,105.7,1496.875
2025-01-07 20:45:00+00:00,,,31.0,0.0,105.7,1496.875
2025-01-07 21:00:00+00:00,,,22.0,0.0,111.04,1504.45
2025-01-07 21:15:00+00:00,,,15.75,0.0,111.04,1504.45
2025-01-07 21:30:00+00:00,,,11.35,0.0,111.04,1504.45
2025-01-07 21:45:00+00:00,,,14.125,0.0,111.04,1504.45
2025-01-07 22:00:00+00:00,,,12.15,0.0,107.09,1504.375
2025-01-07 22:15:00+00:00,,,10.725,0.0,107.09,1504.375
2025-01-07 22:30:00+00:00,,,10.225,0.0,107.09,1504.375
2025-01-07 22:45:00+00:00,,,15.175,0.0,107.09,1504.375
2025-01-07 23:00:00+00:00,,,8.575,0.0,75.65,1440.775
2025-01-07 23:15:00+00:00,,,0.0,4.075,75.65,1440.775
2025-01-07 23:30:00+00:00,,,1.01,0.0,75.65,1440.775
2025-01-07 23:45:00+00:00,,,0.415,0.0,75.65,1440.775
2025-01-08 00:00:00+00:00,,,0.9875,0.0,75.07,1395.225
2025-01-08 00:15:00+00:00,,,0.0,0.7675,75.07,1395.225
2025-01-08 00:30:00+00:00,,,12.875,0.0,75.07,1395.225
2025-01-08 00:45:00+00:00,,,32.0,0.0,75.07,1395.225
2025-01-08 01:00:00+00:00,,,34.5,0.0,64.12,1382.675
2025-01-08 01:15:00+00:00,,,35.25,0.0,64.12,1382.675
2025-01-08 01:30:00+00:00,,,35.25,0.0,64.12,1382.675
2025-01-08 01:45:00+00:00,,,35.0,0.0,64.12,1382.675
2025-01-08 02:00:00+00:00,,,38.0,0.0,54.55,1445.325
2025-01-08 02:15:00+00:00,,,42.25,0.0,54.55,1445.325
2025-01-08 02:30:00+00:00,,,48.25,0.0,54.55,1445.325
2025-01-08 02:45:00+00:00,,,59.25,0.0,54.55,1445.325
2025-01-08 03:00:00+00:00,,,44.5,0.0,62.93,1510.825
2025-01-08 03:15:00+00:00,,,15.5,0.0,62.93,1510.825
2025-01-08 03:30:00+00:00,,,11.75,0.0,62.93,1510.825
2025-01-08 03:45:00+00:00,,,20.85,0.0,62.93,1510.825
2025-01-08 04:00:00+00:00,,,0.0,4.575,69.41,1628.425
2025-01-08 04:15:00+00:00,,,15.1,0.0,69.41,1628.425
2025-01-08 04:30:00+00:00,,,23.65,0.0,69.41,1628.425
2025-01-08 04:45:00+00:00,,,38.0,0.0,69.41,1628.425
2025-01-08 05:00:00+00:00,,,18.075,0.0,100.0,1884.85
2025-01-08 05:15:00+00:00,,,0.0,4.575,100.0,1884.85
2025-01-08 05:30:00+00:00,,,0.0,16.525,100.0,1884.85
2025-01-08 05:45:00+00:00,,,0.0,13.125,100.0,1884.85
2025-01-08 06:00:00+00:00,,,0.0,8.55,132.35,2037.925
2025-01-08 06:15:00+00:00,,,1.6275,0.0,132.35,2037.925
2025-01-08 06:30:00+00:00,,,0.0,6.775,132.35,2037.925
2025-01-08 06:45:00+00:00,,,0.0,7.125,132.35,2037.925
2025-01-08 07:00:00+00:00,,,13.65,0.0,136.47,2179.1
2025-01-08 07:15:00+00:00,,,17.35,0.0,136.47,2179.1
2025-01-08 07:30:00+00:00,,,26.0,0.0,136.47,2179.1
2025-01-08 07:45:00+00:00,,,0.0,10.05,136.47,2179.1
2025-01-08 08:00:00+00:00,,,0.0,12.1,143.8,2265.6
2025-01-08 08:15:00+00:00,,,0.0,19.6,143.8,2265.6
2025-01-08 08:30:00+00:00,,,15.225,0.0,143.8,2265.6
2025-01-08 08:45:00+00:00,,,38.75,0.0,143.8,2265.6
2025-01-08 09:00:00+00:00,,,9.8,0.0,142.88,2197.75
2025-01-08 09:15:00+00:00,,,21.95,0.0,142.88,2197.75
2025-01-08 09:30:00+00:00,,,17.625,0.0,142.88,2197.75
2025-01-08 09:45:00+00:00,,,49.0,0.0,142.88,2197.75
2025-01-08 10:00:00+00:00,,,40.5,0.0,106.89,2167.1
2025-01-08 10:15:00+00:00,,,45.5,0.0,106.89,2167.1
2025-01-08 10:30:00+00:00,,,46.5,0.0,106.89,2167.1
2025-01-08 10:45:00+00:00,,,60.25,0.0,106.89,2167.1
2025-01-08 11:00:00+00:00,,,60.5,0.0,100.44,2162.0
2025-01-08 11:15:00+00:00,,,69.75,0.0,100.44,2162.0
2025-01-08 11:30:00+00:00,,,67.0,0.0,100.44,2162.0
2025-01-08 11:45:00+00:00,,,63.5,0.0,100.44,2162.0
2025-01-08 12:00:00+00:00,,,60.0,0.0,100.59,2208.75
2025-01-08 12:15:00+00:00,,,59.75,0.0,100.59,2208.75
2025-01-08 12:30:00+00:00,,,57.25,0.0,100.59,2208.75
2025-01-08 12:45:00+00:00,,,56.0,0.0,100.59,2208.75
2025-01-08 13:00:00+00:00,,,45.0,0.0,110.28,2262.025
2025-01-08 13:15:00+00:00,,,45.5,0.0,110.28,2262.025
2025-01-08 13:30:00+00:00,,,41.5,0.0,110.28,2262.025
2025-01-08 13:45:00+00:00,,,15.95,0.0,110.28,2262.025
2025-01-08 14:00:00+00:00,,,67.75,0.0,127.8,2323.7
2025-01-08 14:15:00+00:00,,,41.5,0.0,127.8,2323.7
2025-01-08 14:30:00+00:00,,,36.75,0.0,127.8,2323.7
2025-01-08 14:45:00+00:00,,,38.25,0.0,127.8,2323.7
2025-01-08 15:00:00+00:00,,,34.75,0.0,135.41,2427.875
2025-01-08 15:15:00+00:00,,,19.225,0.0,135.41,2427.875
2025-01-08 15:30:00+00:00,,,3.925,0.0,135.41,2427.875
2025-01-08 15:45:00+00:00,,,19.65,0.0,135.41,2427.875
2025-01-08 16:00:00+00:00,,,9.45,0.0,153.67,2507.875
2025-01-08 16:15:00+00:00,,,13.225,0.0,153.67,2507.875
2025-01-08 16:30:00+00:00,,,15.275,0.0,153.67,2507.875
2025-01-08 16:45:00+00:00,,,22.875,0.0,153.67,2507.875
2025-01-08 17:00:00+00:00,,,31.25,0.0,151.86,2477.45
2025-01-08 17:15:00+00:00,,,41.0,0.0,151.86,2477.45
2025-01-08 17:30:00+00:00,,,24.4,0.0,151.86,2477.45
2025-01-08 17:45:00+00:00,,,22.975,0.0,151.86,2477.45
2025-01-08 18:00:00+00:00,,,21.15,0.0,137.6,2342.35
2025-01-08 18:15:00+00:00,,,20.775,0.0,137.6,2342.35
2025-01-08 18:30:00+00:00,,,19.75,0.0,137.6,2342.35
2025-01-08 18:45:00+00:00,,,45.0,0.0,137.6,2342.35
2025-01-08 19:00:00+00:00,,,18.15,0.0,129.58,2156.425
2025-01-08 19:15:00+00:00,,,18.25,0.0,129.58,2156.425
2025-01-08 19:30:00+00:00,,,19.975,0.0,129.58,2156.425
2025-01-08 19:45:00+00:00,,,18.625,0.0,129.58,2156.425
2025-01-08 20:00:00+00:00,,,20.8,0.0,118.7,2021.35
2025-01-08 20:15:00+00:00,,,19.075,0.0,118.7,2021.35
2025-01-08 20:30:00+00:00,,,20.5,0.0,118.7,2021.35
2025-01-08 20:45:00+00:00,,,19.475,0.0,118.7,2021.35
2025-01-08 21:00:00+00:00,,,15.0,0.0,113.19,1986.6
2025-01-08 21:15:00+00:00,,,0.0,8.9,113.19,1986.6
2025-01-08 21:30:00+00:00,,,0.2355,0.0,113.19,1986.6
2025-01-08 21:45:00+00:00,,,0.9625,0.0,113.19,1986.6
2025-01-08 22:00:00+00:00,,,0.0,4.7,100.13,1928.1
2025-01-08 22:15:00+00:00,,,0.0,1.8375,100.13,1928.1
2025-01-08 22:30:00+00:00,,,0.0,2.075,100.13,1928.1
2025-01-08 22:45:00+00:00,,,0.0,1.9625,100.13,1928.1
2025-01-08 23:00:00+00:00,,,27.5,0.0,93.56,1733.875
2025-01-08 23:15:00+00:00,,,9.675,0.0,93.56,1733.875
2025-01-08 23:30:00+00:00,,,15.25,0.0,93.56,1733.875
2025-01-08 23:45:00+00:00,,,32.75,0.0,93.56,1733.875
2025-01-09 00:00:00+00:00,,,33.5,0.0,91.23,1607.55
2025-01-09 00:15:00+00:00,,,31.25,0.0,91.23,1607.55
2025-01-09 00:30:00+00:00,,,33.5,0.0,91.23,1607.55
2025-01-09 00:45:00+00:00,,,51.25,0.0,91.23,1607.55
2025-01-09 01:00:00+00:00,,,17.425,0.0,87.54,1552.2
2025-01-09 01:15:00+00:00,,,36.5,0.0,87.54,1552.2
2025-01-09 01:30:00+00:00,,,60.25,0.0,87.54,1552.2
2025-01-09 01:45:00+00:00,,,19.4,0.0,87.54,1552.2
2025-01-09 02:00:00+00:00,,,42.25,0.0,78.21,1513.825
2025-01-09 02:15:00+00:00,,,44.25,0.0,78.21,1513.825
2025-01-09 02:30:00+00:00,,,70.75,0.0,78.21,1513.825
2025-01-09 02:45:00+00:00,,,45.25,0.0,78.21,1513.825
2025-01-09 03:00:00+00:00,,,44.5,0.0,76.69,1499.05
2025-01-09 03:15:00+00:00,,,56.0,0.0,76.69,1499.05
2025-01-09 03:30:00+00:00,,,31.0,0.0,76.69,1499.05
2025-01-09 03:45:00+00:00,,,45.25,0.0,76.69,1499.05
2025-01-09 04:00:00+00:00,,,40.0,0.0,84.45,1529.075
2025-01-09 04:15:00+00:00,,,39.25,0.0,84.45,1529.075
2025-01-09 04:30:00+00:00,,,32.75,0.0,84.45,1529.075
2025-01-09 04:45:00+00:00,,,34.25,0.0,84.45,1529.075
2025-01-09 05:00:00+00:00,,,17.75,0.0,89.37,1735.425
2025-01-09 05:15:00+00:00,,,17.35,0.0,89.37,1735.425
2025-01-09 05:30:00+00:00,,,42.75,0.0,89.37,1735.425
2025-01-09 05:45:00+00:00,,,0.0,5.65,89.37,1735.425
2025-01-09 06:00:00+00:00,,,0.0,19.7,113.71,1762.7
2025-01-09 06:15:00+00:00,,,7.175,0.0,113.71,1762.7
2025-01-09 06:30:00+00:00,,,0.0,15.8,113.71,1762.7
2025-01-09 06:45:00+00:00,,,0.0,34.75,113.71,1762.7
2025-01-09 07:00:00+00:00,,,0.0,4.225,126.29,2037.225
2025-01-09 07:15:00+00:00,,,18.5,0.0,126.29,2037.225
2025-01-09 07:30:00+00:00,,,0.0,13.9,126.29,2037.225
2025-01-09 07:45:00+00:00,,,0.0,30.5,126.29,2037.225
2025-01-09 08:00:00+00:00,,,0.0,15.2,123.71,2128.15
2025-01-09 08:15:00+00:00,,,34.25,0.0,123.71,2128.15
2025-01-09 08:30:00+00:00,,,9.725,0.0,123.71,2128.15
2025-01-09 08:45:00+00:00,,,0.0,18.05,123.71,2128.15
2025-01-09 09:00:00+00:00,,,16.55,0.0,117.4,2049.125
2025-01-09 09:15:00+00:00,,,20.4,0.0,117.4,2049.125
2025-01-09 09:30:00+00:00,,,18.3,0.0,117.4,2049.125
2025-01-09 09:45:00+00:00,,,7.75,0.0,117.4,2049.125
2025-01-09 10:00:00+00:00,,,50.75,0.0,110.3,1948.225
2025-01-09 10:15:00+00:00,,,25.25,0.0,110.3,1948.225
2025-01-09 10:30:00+00:00,,,53.25,0.0,110.3,1948.225
2025-01-09 10:45:00+00:00,,,47.5,0.0,110.3,1948.225
2025-01-09 11:00:00+00:00,,,48.25,0.0,108.11,1820.75
2025-01-09 11:15:00+00:00,,,25.75,0.0,108.11,1820.75
2025-01-09 11:30:00+00:00,,,51.75,0.0,108.11,1820.75
2025-01-09 11:45:00+00:00,,,74.25,0.0,108.11,1820.75
2025-01-09 12:00:00+00:00,,,48.5,0.0,98.97,1749.7
2025-01-09 12:15:00+00:00,,,71.5,0.0,98.97,1749.7
2025-01-09 12:30:00+00:00,,,40.25,0.0,98.97,1749.7
2025-01-09 12:45:00+00:00,,,47.0,0.0,98.97,1749.7
2025-01-09 13:00:00+00:00,,,59.5,0.0,98.13,1667.0
2025-01-09 13:15:00+00:00,,,29.5,0.0,98.13,1667.0
2025-01-09 13:30:00+00:00,,,16.625,0.0,98.13,1667.0
2025-01-09 13:45:00+00:00,,,6.425,0.0,98.13,1667.0
2025-01-09 14:00:00+00:00,,,20.225,0.0,103.68,1664.575
2025-01-09 14:15:00+00:00,,,14.85,0.0,103.68,1664.575
2025-01-09 14:30:00+00:00,,,0.5525,0.0,103.68,1664.575
2025-01-09 14:45:00+00:00,,,0.0,2.49,103.68,1664.575
2025-01-09 15:00:00+00:00,,,11.9,0.0,115.01,1716.25
2025-01-09 15:15:00+00:00,,,20.9,0.0,115.01,1716.25
2025-01-09 15:30:00+00:00,,,20.05,0.0,115.01,1716.25
2025-01-09 15:45:00+00:00,,,18.425,0.0,115.01,1716.25
2025-01-09 16:00:00+00:00,,,26.25,0.0,131.25,1883.325
2025-01-09 16:15:00+00:00,,,22.15,0.0,131.25,1883.325
2025-01-09 16:30:00+00:00,,,15.875,0.0,131.25,1883.325
2025-01-09 16:45:00+00:00,,,15.525,0.0,131.25,1883.325
2025-01-09 17:00:00+00:00,,,30.25,0.0,135.64,1845.8
2025-01-09 17:15:00+00:00,,,41.75,0.0,135.64,1845.8
2025-01-09 17:30:00+00:00,,,42.5,0.0,135.64,1845.8
2025-01-09 17:45:00+00:00,,,41.25,0.0,135.64,1845.8
2025-01-09 18:00:00+00:00,,,23.275,0.0,143.18,1724.025
2025-01-09 18:15:00+00:00,,,17.175,0.0,143.18,1724.025
2025-01-09 18:30:00+00:00,,,15.675,0.0,143.18,1724.025
2025-01-09 18:45:00+00:00,,,15.8,0.0,143.18,1724.025
2025-01-09 19:00:00+00:00,,,15.125,0.0,119.98,1640.025
2025-01-09 19:15:00+00:00,,,13.325,0.0,119.98,1640.025
2025-01-09 19:30:00+00:00,,,33.5,0.0,119.98,1640.025
2025-01-09 19:45:00+00:00,,,12.575,0.0,119.98,1640.025
2025-01-09 20:00:00+00:00,,,14.625,0.0,105.39,1534.45
2025-01-09 20:15:00+00:00,,,15.95,0.0,105.39,1534.45
2025-01-09 20:30:00+00:00,,,12.6,0.0,105.39,1534.45
2025-01-09 20:45:00+00:00,,,12.775,0.0,105.39,1534.45
2025-01-09 21:00:00+00:00,,,13.725,0.0,101.5,1575.975
2025-01-09 21:15:00+00:00,,,14.2,0.0,101.5,1575.975
2025-01-09 21:30:00+00:00,,,13.4,0.0,101.5,1575.975
2025-01-09 21:45:00+00:00,,,12.5,0.0,101.5,1575.975
2025-01-09 22:00:00+00:00,,,14.825,0.0,100.0,1543.0
2025-01-09 22:15:00+00:00,,,13.125,0.0,100.0,1543.0
2025-01-09 22:30:00+00:00,,,8.0,0.0,100.0,1543.0
2025-01-09 22:45:00+00:00,,,5.225,0.0,100.0,1543.0
2025-01-09 23:00:00+00:00,,,5.25,0.0,87.68,1537.3
2025-01-09 23:15:00+00:00,,,4.4,0.0,87.68,1537.3
2025-01-09 23:30:00+00:00,,,14.625,0.0,87.68,1537.3
2025-01-09 23:45:00+00:00,,,0.4225,0.0,87.68,1537.3
2025-01-10 00:00:00+00:00,,,22.85,0.0,80.24,1542.925
2025-01-10 00:15:00+00:00,,,2.825,0.0,80.24,1542.925
2025-01-10 00:30:00+00:00,,,1.2275,0.0,80.24,1542.925
2025-01-10 00:45:00+00:00,,,1.74,0.0,80.24,1542.925
2025-01-10 01:00:00+00:00,,,11.325,0.0,71.7,1540.875
2025-01-10 01:15:00+00:00,,,31.0,0.0,71.7,1540.875
2025-01-10 01:30:00+00:00,,,5.325,0.0,71.7,1540.875
2025-01-10 01:45:00+00:00,,,30.75,0.0,71.7,1540.875
2025-01-10 02:00:00+00:00,,,24.425,0.0,69.51,1551.425
2025-01-10 02:15:00+00:00,,,19.1,0.0,69.51,1551.425
2025-01-10 02:30:00+00:00,,,30.75,0.0,69.51,1551.425
2025-01-10 02:45:00+00:00,,,28.75,0.0,69.51,1551.425
2025-01-10 03:00:00+00:00,,,47.5,0.0,69.98,1601.475
2025-01-10 03:15:00+00:00,,,43.0,0.0,69.98,1601.475
2025-01-10 03:30:00+00:00,,,28.25,0.0,69.98,1601.475
2025-01-10 03:45:00+00:00,,,28.5,0.0,69.98,1601.475
2025-01-10 04:00:00+00:00,,,54.0,0.0,84.48,1718.35
2025-01-10 04:15:00+00:00,,,41.0,0.0,84.48,1718.35
2025-01-10 04:30:00+00:00,,,44.25,0.0,84.48,1718.35
2025-01-10 04:45:00+00:00,,,41.25,0.0,84.48,1718.35
2025-01-10 05:00:00+00:00,,,26.25,0.0,100.93,1857.275
2025-01-10 05:15:00+00:00,,,21.6,0.0,100.93,1857.275
2025-01-10 05:30:00+00:00,,,39.5,0.0,100.93,1857.275
2025-01-10 05:45:00+00:00,,,33.5,0.0,100.93,1857.275
2025-01-10 06:00:00+00:00,,,20.15,0.0,125.33,2049.1
2025-01-10 06:15:00+00:00,,,29.0,0.0,125.33,2049.1
2025-01-10 06:30:00+00:00,,,15.9,0.0,125.33,2049.1
2025-01-10 06:45:00+00:00,,,22.1,0.0,125.33,2049.1
2025-01-10 07:00:00+00:00,,,15.65,0.0,139.92,2388.725
2025-01-10 07:15:00+00:00,,,0.0,0.2725,139.92,2388.725
2025-01-10 07:30:00+00:00,,,16.05,0.0,139.92,2388.725
2025-01-10 07:45:00+00:00,,,0.0,5.425,139.92,2388.725
2025-01-10 08:00:00+00:00,,,0.0,10.25,137.07,2416.65
2025-01-10 08:15:00+00:00,,,0.0,13.65,137.07,2416.65
2025-01-10 08:30:00+00:00,,,0.0,17.1,137.07,2416.65
2025-01-10 08:45:00+00:00,,,0.0,14.225,137.07,2416.65
2025-01-10 09:00:00+00:00,,,16.475,0.0,123.57,2279.175
2025-01-10 09:15:00+00:00,,,17.675,0.0,123.57,2279.175
2025-01-10 09:30:00+00:00,,,17.875,0.0,123.57,2279.175
2025-01-10 09:45:00+00:00,,,20.475,0.0,123.57,2279.175
2025-01-10 10:00:00+00:00,,,18.225,0.0,113.59,2183.225
2025-01-10 10:15:00+00:00,,,11.4,0.0,113.59,2183.225
2025-01-10 10:30:00+00:00,,,20.95,0.0,113.59,2183.225
2025-01-10 10:45:00+00:00,,,3.3,0.0,113.59,2183.225
2025-01-10 11:00:00+00:00,,,39.5,0.0,107.43,2081.375
2025-01-10 11:15:00+00:00,,,39.75,0.0,107.43,2081.375
2025-01-10 11:30:00+00:00,,,39.25,0.0,107.43,2081.375
2025-01-10 11:45:00+00:00,,,38.5,0.0,107.43,2081.375
2025-01-10 12:00:00+00:00,,,12.2,0.0,105.01,2092.05
2025-01-10 12:15:00+00:00,,,23.925,0.0,105.01,2092.05
2025-01-10 12:30:00+00:00,,,24.45,0.0,105.01,2092.05
2025-01-10 12:45:00+00:00,,,6.975,0.0,105.01,2092.05
2025-01-10 13:00:00+00:00,,,33.25,0.0,110.01,2150.525
2025-01-10 13:15:00+00:00,,,21.925,0.0,110.01,2150.525
2025-01-10 13:30:00+00:00,,,9.6,0.0,110.01,2150.525
2025-01-10 13:45:00+00:00,,,1.4275,0.0,110.01,2150.525
2025-01-10 14:00:00+00:00,,,3.775,0.0,128.69,2241.85
2025-01-10 14:15:00+00:00,,,6.45,0.0,128.69,2241.85
2025-01-10 14:30:00+00:00,,,17.4,0.0,128.69,2241.85
2025-01-10 14:45:00+00:00,,,19.85,0.0,128.69,2241.85
2025-01-10 15:00:00+00:00,,,16.775,0.0,135.21,2368.95
2025-01-10 15:15:00+00:00,,,16.675,0.0,135.21,2368.95
2025-01-10 15:30:00+00:00,,,16.725,0.0,135.21,2368.95
2025-01-10 15:45:00+00:00,,,16.6,0.0,135.21,2368.95
2025-01-10 16:00:00+00:00,,,34.0,0.0,142.63,2527.9
2025-01-10 16:15:00+00:00,,,35.25,0.0,142.63,2527.9
2025-01-10 16:30:00+00:00,,,43.25,0.0,142.63,2527.9
2025-01-10 16:45:00+00:00,,,45.0,0.0,142.63,2527.9
2025-01-10 17:00:00+00:00,,,39.25,0.0,144.2,2487.6
2025-01-10 17:15:00+00:00,,,35.5,0.0,144.2,2487.6
2025-01-10 17:30:00+00:00,,,35.0,0.0,144.2,2487.6
2025-01-10 17:45:00+00:00,,,28.25,0.0,144.2,2487.6
2025-01-10 18:00:00+00:00,,,23.475,0.0,141.16,2406.95
2025-01-10 18:15:00+00:00,,,22.65,0.0,141.16,2406.95
2025-01-10 18:30:00+00:00,,,27.75,0.0,141.16,2406.95
2025-01-10 18:45:00+00:00,,,9.5,0.0,141.16,2406.95
2025-01-10 19:00:00+00:00,,,19.425,0.0,134.82,2246.325
2025-01-10 19:15:00+00:00,,,0.0,3.575,134.82,2246.325
2025-01-10 19:30:00+00:00,,,0.0,11.15,134.82,2246.325
2025-01-10 19:45:00+00:00,,,5.0,0.0,134.82,2246.325
2025-01-10 20:00:00+00:00,,,0.43,0.0,122.51,2127.525
2025-01-10 20:15:00+00:00,,,0.0,2.3625,122.51,2127.525
2025-01-10 20:30:00+00:00,,,0.0,0.3575,122.51,2127.525
2025-01-10 20:45:00+00:00,,,0.0,2.3375,122.51,2127.525
2025-01-10 21:00:00+00:00,,,0.0,2.85,119.78,2100.45
2025-01-10 21:15:00+00:00,,,18.85,0.0,119.78,2100.45
2025-01-10 21:30:00+00:00,,,1.655,0.0,119.78,2100.45
2025-01-10 21:45:00+00:00,,,11.475,0.0,119.78,2100.45
2025-01-10 22:00:00+00:00,,,9.675,0.0,111.86,2050.85
2025-01-10 22:15:00+00:00,,,8.65,0.0,111.86,2050.85
2025-01-10 22:30:00+00:00,,,19.275,0.0,111.86,2050.85
2025-01-10 22:45:00+00:00,,,17.15,0.0,111.86,2050.85
2025-01-10 23:00:00+00:00,,,15.825,0.0,114.57,2042.225
2025-01-10 23:15:00+00:00,,,14.4,0.0,114.57,2042.225
2025-01-10 23:30:00+00:00,,,15.225,0.0,114.57,2042.225
2025-01-10 23:45:00+00:00,,,17.6,0.0,114.57,2042.225
2025-01-11 00:00:00+00:00,,,18.55,0.0,101.36,1953.8
2025-01-11 00:15:00+00:00,,,18.375,0.0,101.36,1953.8
2025-01-11 00:30:00+00:00,,,18.925,0.0,101.36,1953.8
2025-01-11 00:45:00+00:00,,,18.6,0.0,101.36,1953.8
2025-01-11 01:00:00+00:00,,,21.325,0.0,96.41,1876.35
2025-01-11 01:15:00+00:00,,,20.7,0.0,96.41,1876.35
2025-01-11 01:30:00+00:00,,,20.05,0.0,96.41,1876.35
2025-01-11 01:45:00+00:00,,,20.725,0.0,96.41,1876.35
2025-01-11 02:00:00+00:00,,,28.75,0.0,92.51,1822.05
2025-01-11 02:15:00+00:00,,,32.5,0.0,92.51,1822.05
2025-01-11 02:30:00+00:00,,,32.5,0.0,92.51,1822.05
2025-01-11 02:45:00+00:00,,,28.25,0.0,92.51,1822.05
2025-01-11 03:00:00+00:00,,,26.5,0.0,91.51,1799.675
2025-01-11 03:15:00+00:00,,,22.675,0.0,91.51,1799.675
2025-01-11 03:30:00+00:00,,,20.0,0.0,91.51,1799.675
2025-01-11 03:45:00+00:00,,,14.575,0.0,91.51,1799.675
2025-01-11 04:00:00+00:00,,,28.5,0.0,93.35,1780.225
2025-01-11 04:15:00+00:00,,,18.9,0.0,93.35,1780.225
2025-01-11 04:30:00+00:00,,,2.105,0.0,93.35,1780.225
2025-01-11 04:45:00+00:00,,,0.0,4.85,93.35,1780.225
2025-01-11 05:00:00+00:00,,,0.0,19.225,98.37,1816.925
2025-01-11 05:15:00+00:00,,,0.0,20.925,98.37,1816.925
2025-01-11 05:30:00+00:00,,,0.0,26.75,98.37,1816.925
2025-01-11 05:45:00+00:00,,,0.0,31.75,98.37,1816.925
2025-01-11 06:00:00+00:00,,,0.0,18.5,107.8,1886.325
2025-01-11 06:15:00+00:00,,,0.0,26.0,107.8,1886.325
2025-01-11 06:30:00+00:00,,,0.0,35.0,107.8,1886.325
2025-01-11 06:45:00+00:00,,,0.0,16.8,107.8,1886.325
2025-01-11 07:00:00+00:00,,,0.0,22.225,120.0,1982.575
2025-01-11 07:15:00+00:00,,,0.0,43.25,120.0,1982.575
2025-01-11 07:30:00+00:00,,,0.0,49.5,120.0,1982.575
2025-01-11 07:45:00+00:00,,,0.0,37.5,120.0,1982.575
2025-01-11 08:00:00+00:00,,,0.0,24.675,126.28,2048.225
2025-01-11 08:15:00+00:00,,,0.0,59.0,126.28,2048.225
2025-01-11 08:30:00+00:00,,,0.0,49.75,126.28,2048.225
2025-01-11 08:45:00+00:00,,,0.0,47.25,126.28,2048.225
2025-01-11 09:00:00+00:00,,,0.0,22.85,122.94,2106.6
2025-01-11 09:15:00+00:00,,,0.24125,0.0,122.94,2106.6
2025-01-11 09:30:00+00:00,,,1.43,0.0,122.94,2106.6
2025-01-11 09:45:00+00:00,,,0.0,7.025,122.94,2106.6
2025-01-11 10:00:00+00:00,,,0.0,7.375,101.25,1990.35
2025-01-11 10:15:00+00:00,,,1.0625,0.0,101.25,1990.35
2025-01-11 10:30:00+00:00,,,15.35,0.0,101.25,1990.35
2025-01-11 10:45:00+00:00,,,15.075,0.0,101.25,1990.35
2025-01-11 11:00:00+00:00,,,16.775,0.0,97.4,1907.775
2025-01-11 11:15:00+00:00,,,19.325,0.0,97.4,1907.775
2025-01-11 11:30:00+00:00,,,17.25,0.0,97.4,1907.775
2025-01-11 11:45:00+00:00,,,17.45,0.0,97.4,1907.775
2025-01-11 12:00:00+00:00,,,14.525,0.0,93.15,1867.825
2025-01-11 12:15:00+00:00,,,17.075,0.0,93.15,1867.825
2025-01-11 12:30:00+00:00,,,16.625,0.0,93.15,1867.825
2025-01-11 12:45:00+00:00,,,17.0,0.0,93.15,1867.825
2025-01-11 13:00:00+00:00,,,18.4,0.0,95.61,1918.2
2025-01-11 13:15:00+00:00,,,30.25,0.0,95.61,1918.2
2025-01-11 13:30:00+00:00,,,18.675,0.0,95.61,1918.2
2025-01-11 13:45:00+00:00,,,15.025,0.0,95.61,1918.2
2025-01-11 14:00:00+00:00,,,15.35,0.0,105.1,2010.65
2025-01-11 14:15:00+00:00,,,8.9,0.0,105.1,2010.65
2025-01-11 14:30:00+00:00,,,16.025,0.0,105.1,2010.65
2025-01-11 14:45:00+00:00,,,0.0,3.5,105.1,2010.65
2025-01-11 15:00:00+00:00,,,8.3,0.0,112.71,2088.15
2025-01-11 15:15:00+00:00,,,15.85,0.0,112.71,2088.15
2025-01-11 15:30:00+00:00,,,15.65,0.0,112.71,2088.15
2025-01-11 15:45:00+00:00,,,0.0,0.87,112.71,2088.15
2025-01-11 16:00:00+00:00,,,35.5,0.0,120.39,2271.65
2025-01-11 16:15:00+00:00,,,16.7,0.0,120.39,2271.65
2025-01-11 16:30:00+00:00,,,15.35,0.0,120.39,2271.65
2025-01-11 16:45:00+00:00,,,15.35,0.0,120.39,2271.65
2025-01-11 17:00:00+00:00,,,21.2,0.0,123.71,2319.125
2025-01-11 17:15:00+00:00,,,17.775,0.0,123.71,2319.125
2025-01-11 17:30:00+00:00,,,14.925,0.0,123.71,2319.125
2025-01-11 17:45:00+00:00,,,3.525,0.0,123.71,2319.125
2025-01-11 18:00:00+00:00,,,40.0,0.0,127.2,2239.85
2025-01-11 18:15:00+00:00,,,0.0,2.75,127.2,2239.85
2025-01-11 18:30:00+00:00,,,40.0,0.0,127.2,2239.85
2025-01-11 18:45:00+00:00,,,37.0,0.0,127.2,2239.85
2025-01-11 19:00:00+00:00,,,18.55,0.0,123.9,2140.025
2025-01-11 19:15:00+00:00,,,20.3,0.0,123.9,2140.025
2025-01-11 19:30:00+00:00,,,16.825,0.0,123.9,2140.025
2025-01-11 19:45:00+00:00,,,16.25,0.0,123.9,2140.025
2025-01-11 20:00:00+00:00,,,16.325,0.0,122.84,2044.075
2025-01-11 20:15:00+00:00,,,16.275,0.0,122.84,2044.075
2025-01-11 20:30:00+00:00,,,11.15,0.0,122.84,2044.075
2025-01-11 20:45:00+00:00,,,15.025,0.0,122.84,2044.075
2025-01-11 21:00:00+00:00,,,21.95,0.0,119.0,2050.6
2025-01-11 21:15:00+00:00,,,10.85,0.0,119.0,2050.6
2025-01-11 21:30:00+00:00,,,0.0,8.35,119.0,2050.6
2025-01-11 21:45:00+00:00,,,4.075,0.0,119.0,2050.6
2025-01-11 22:00:00+00:00,,,5.075,0.0,105.99,2006.725
2025-01-11 22:15:00+00:00,,,0.0,7.35,105.99,2006.725
2025-01-11 22:30:00+00:00,,,5.775,0.0,105.99,2006.725
2025-01-11 22:45:00+00:00,,,21.05,0.0,105.99,2006.725
2025-01-11 23:00:00+00:00,,,23.325,0.0,125.53,1901.475
2025-01-11 23:15:00+00:00,,,18.375,0.0,125.53,1901.475
2025-01-11 23:30:00+00:00,,,49.75,0.0,125.53,1901.475
2025-01-11 23:45:00+00:00,,,48.0,0.0,125.53,1901.475
2025-01-12 00:00:00+00:00,,,50.75,0.0,106.58,1808.0
2025-01-12 00:15:00+00:00,,,52.75,0.0,106.58,1808.0
2025-01-12 00:30:00+00:00,,,42.75,0.0,106.58,1808.0
2025-01-12 00:45:00+00:00,,,9.8,0.0,106.58,1808.0
2025-01-12 01:00:00+00:00,,,39.5,0.0,91.62,1762.975
2025-01-12 01:15:00+00:00,,,40.0,0.0,91.62,1762.975
2025-01-12 01:30:00+00:00,,,60.75,0.0,91.62,1762.975
2025-01-12 01:45:00+00:00,,,40.75,0.0,91.62,1762.975
2025-01-12 02:00:00+00:00,,,43.0,0.0,86.75,1729.475
2025-01-12 02:15:00+00:00,,,45.5,0.0,86.75,1729.475
2025-01-12 02:30:00+00:00,,,45.0,0.0,86.75,1729.475
2025-01-12 02:45:00+00:00,,,43.75,0.0,86.75,1729.475
2025-01-12 03:00:00+00:00,,,11.725,0.0,85.0,1709.725
2025-01-12 03:15:00+00:00,,,17.25,0.0,85.0,1709.725
2025-01-12 03:30:00+00:00,,,7.675,0.0,85.0,1709.725
2025-01-12 03:45:00+00:00,,,0.0,4.475,85.0,1709.725
2025-01-12 04:00:00+00:00,,,7.175,0.0,86.64,1720.35
2025-01-12 04:15:00+00:00,,,0.0,8.45,86.64,1720.35
2025-01-12 04:30:00+00:00,,,0.0,13.3,86.64,1720.35
2025-01-12 04:45:00+00:00,,,1.41,0.0,86.64,1720.35
2025-01-12 05:00:00+00:00,,,7.35,0.0,92.39,1790.4
2025-01-12 05:15:00+00:00,,,0.0,7.15,92.39,1790.4
2025-01-12 05:30:00+00:00,,,0.0,15.625,92.39,1790.4
2025-01-12 05:45:00+00:00,,,0.0,30.5,92.39,1790.4
2025-01-12 06:00:00+00:00,,,0.0,13.85,101.75,1806.9
2025-01-12 06:15:00+00:00,,,31.0,0.0,101.75,1806.9
2025-01-12 06:30:00+00:00,,,38.5,0.0,101.75,1806.9
2025-01-12 06:45:00+00:00,,,43.75,0.0,101.75,1806.9
2025-01-12 07:00:00+00:00,,,26.75,0.0,114.83,1847.225
2025-01-12 07:15:00+00:00,,,0.0,8.825,114.83,1847.225
2025-01-12 07:30:00+00:00,,,38.75,0.0,114.83,1847.225
2025-01-12 07:45:00+00:00,,,31.75,0.0,114.83,1847.225
2025-01-12 08:00:00+00:00,,,30.0,0.0,120.07,1945.675
2025-01-12 08:15:00+00:00,,,11.9,0.0,120.07,1945.675
2025-01-12 08:30:00+00:00,,,0.0,5.425,120.07,1945.675
2025-01-12 08:45:00+00:00,,,25.0,0.0,120.07,1945.675
2025-01-12 09:00:00+00:00,,,0.0,11.85,117.77,1957.225
2025-01-12 09:15:00+00:00,,,2.4775,0.0,117.77,1957.225
2025-01-12 09:30:00+00:00,,,26.0,0.0,117.77,1957.225
2025-01-12 09:45:00+00:00,,,48.5,0.0,117.77,1957.225
2025-01-12 10:00:00+00:00,,,30.25,0.0,105.61,1882.875
2025-01-12 10:15:00+00:00,,,52.5,0.0,105.61,1882.875
2025-01-12 10:30:00+00:00,,,39.25,0.0,105.61,1882.875
2025-01-12 10:45:00+00:00,,,38.25,0.0,105.61,1882.875
2025-01-12 11:00:00+00:00,,,59.75,0.0,102.99,1824.4
2025-01-12 11:15:00+00:00,,,66.0,0.0,102.99,1824.4
2025-01-12 11:30:00+00:00,,,40.0,0.0,102.99,1824.4
2025-01-12 11:45:00+00:00,,,67.5,0.0,102.99,1824.4
2025-01-12 12:00:00+00:00,,,68.25,0.0,99.61,1802.6
2025-01-12 12:15:00+00:00,,,53.75,0.0,99.61,1802.6
2025-01-12 12:30:00+00:00,,,41.5,0.0,99.61,1802.6
2025-01-12 12:45:00+00:00,,,36.75,0.0,99.61,1802.6
2025-01-12 13:00:00+00:00,,,42.5,0.0,102.41,1831.85
2025-01-12 13:15:00+00:00,,,13.525,0.0,102.41,1831.85
2025-01-12 13:30:00+00:00,,,17.625,0.0,102.41,1831.85
2025-01-12 13:45:00+00:00,,,19.1,0.0,102.41,1831.85
2025-01-12 14:00:00+00:00,,,31.75,0.0,114.54,1895.775
2025-01-12 14:15:00+00:00,,,35.25,0.0,114.54,1895.775
2025-01-12 14:30:00+00:00,,,28.25,0.0,114.54,1895.775
2025-01-12 14:45:00+00:00,,,30.75,0.0,114.54,1895.775
2025-01-12 15:00:00+00:00,,,29.25,0.0,127.07,1984.15
2025-01-12 15:15:00+00:00,,,21.825,0.0,127.07,1984.15
2025-01-12 15:30:00+00:00,,,18.625,0.0,127.07,1984.15
2025-01-12 15:45:00+00:00,,,18.575,0.0,127.07,1984.15
2025-01-12 16:00:00+00:00,,,44.5,0.0,136.09,2217.95
2025-01-12 16:15:00+00:00,,,60.5,0.0,136.09,2217.95
2025-01-12 16:30:00+00:00,,,40.0,0.0,136.09,2217.95
2025-01-12 16:45:00+00:00,,,31.0,0.0,136.09,2217.95
2025-01-12 17:00:00+00:00,,,33.0,0.0,146.66,2288.75
2025-01-12 17:15:00+00:00,,,32.0,0.0,146.66,2288.75
2025-01-12 17:30:00+00:00,,,27.75,0.0,146.66,2288.75
2025-01-12 17:45:00+00:00,,,7.45,0.0,146.66,2288.75
2025-01-12 18:00:00+00:00,,,19.7,0.0,142.22,2202.825
2025-01-12 18:15:00+00:00,,,27.0,0.0,142.22,2202.825
2025-01-12 18:30:00+00:00,,,12.1,0.0,142.22,2202.825
2025-01-12 18:45:00+00:00,,,16.025,0.0,142.22,2202.825
2025-01-12 19:00:00+00:00,,,29.5,0.0,132.08,1953.1
2025-01-12 19:15:00+00:00,,,30.25,0.0,132.08,1953.1
2025-01-12 19:30:00+00:00,,,31.0,0.0,132.08,1953.1
2025-01-12 19:45:00+00:00,,,15.525,0.0,132.08,1953.1
2025-01-12 20:00:00+00:00,,,26.25,0.0,126.51,1850.175
2025-01-12 20:15:00+00:00,,,29.5,0.0,126.51,1850.175
2025-01-12 20:30:00+00:00,,,21.25,0.0,126.51,1850.175
2025-01-12 20:45:00+00:00,,,24.6,0.0,126.51,1850.175
2025-01-12 21:00:00+00:00,,,12.0,0.0,120.05,1825.0
2025-01-12 21:15:00+00:00,,,10.475,0.0,120.05,1825.0
2025-01-12 21:30:00+00:00,,,7.5,0.0,120.05,1825.0
2025-01-12 21:45:00+00:00,,,0.0,8.25,120.05,1825.0
2025-01-12 22:00:00+00:00,,,0.0,6.025,114.9,1791.875
2025-01-12 22:15:00+00:00,,,0.0,1.815,114.9,1791.875
2025-01-12 22:30:00+00:00,,,0.0,3.2,114.9,1791.875
2025-01-12 22:45:00+00:00,,,11.4,0.0,114.9,1791.875
2025-01-12 23:00:00+00:00,,,27.25,0.0,112.39,1735.125
2025-01-12 23:15:00+00:00,,,30.25,0.0,112.39,1735.125
2025-01-12 23:30:00+00:00,,,29.25,0.0,112.39,1735.125
2025-01-12 23:45:00+00:00,,,27.0,0.0,112.39,1735.125
2025-01-13 00:00:00+00:00,,,64.25,0.0,105.07,1638.6
2025-01-13 00:15:00+00:00,,,65.5,0.0,105.07,1638.6
2025-01-13 00:30:00+00:00,,,63.5,0.0,105.07,1638.6
2025-01-13 00:45:00+00:00,,,57.75,0.0,105.07,1638.6
2025-01-13 01:00:00+00:00,,,6.875,0.0,104.46,1570.1
2025-01-13 01:15:00+00:00,,,29.0,0.0,104.46,1570.1
2025-01-13 01:30:00+00:00,,,33.75,0.0,104.46,1570.1
2025-01-13 01:45:00+00:00,,,44.5,0.0,104.46,1570.1
2025-01-13 02:00:00+00:00,,,39.75,0.0,100.37,1538.95
2025-01-13 02:15:00+00:00,,,40.75,0.0,100.37,1538.95
2025-01-13 02:30:00+00:00,,,41.0,0.0,100.37,1538.95
2025-01-13 02:45:00+00:00,,,53.75,0.0,100.37,1538.95
2025-01-13 03:00:00+00:00,,,23.775,0.0,100.0,1545.125
2025-01-13 03:15:00+00:00,,,30.75,0.0,100.0,1545.125
2025-01-13 03:30:00+00:00,,,38.5,0.0,100.0,1545.125
2025-01-13 03:45:00+00:00,,,28.25,0.0,100.0,1545.125
2025-01-13 04:00:00+00:00,,,53.25,0.0,109.86,1631.85
2025-01-13 04:15:00+00:00,,,25.25,0.0,109.86,1631.85
2025-01-13 04:30:00+00:00,,,4.425,0.0,109.86,1631.85
2025-01-13 04:45:00+00:00,,,22.7,0.0,109.86,1631.85
2025-01-13 05:00:00+00:00,,,28.5,0.0,134.75,1847.775
2025-01-13 05:15:00+00:00,,,0.0,14.775,134.75,1847.775
2025-01-13 05:30:00+00:00,,,0.0,15.275,134.75,1847.775
2025-01-13 05:45:00+00:00,,,0.0,13.95,134.75,1847.775
2025-01-13 06:00:00+00:00,,,4.3,0.0,162.04,2020.475
2025-01-13 06:15:00+00:00,,,0.0,66.5,162.04,2020.475
2025-01-13 06:30:00+00:00,,,0.0,43.0,162.04,2020.475
2025-01-13 06:45:00+00:00,,,0.0,39.5,162.04,2020.475
2025-01-13 07:00:00+00:00,,,0.0,54.5,199.77,2181.525
2025-01-13 07:15:00+00:00,,,0.0,3.425,199.77,2181.525
2025-01-13 07:30:00+00:00,,,0.0,24.775,199.77,2181.525
2025-01-13 07:45:00+00:00,,,0.0,76.25,199.77,2181.525
2025-01-13 08:00:00+00:00,,,0.0,45.5,156.72,2155.8
2025-01-13 08:15:00+00:00,,,0.0,40.75,156.72,2155.8
2025-01-13 08:30:00+00:00,,,0.0,8.675,156.72,2155.8
2025-01-13 08:45:00+00:00,,,0.0,50.5,156.72,2155.8
2025-01-13 09:00:00+00:00,,,0.0,89.25,133.34,1985.2
2025-01-13 09:15:00+00:00,,,0.0,42.0,133.34,1985.2
2025-01-13 09:30:00+00:00,,,4.525,0.0,133.34,1985.2
2025-01-13 09:45:00+00:00,,,0.005,0.0,133.34,1985.2
2025-01-13 10:00:00+00:00,,,25.5,0.0,115.81,1840.075
2025-01-13 10:15:00+00:00,,,48.75,0.0,115.81,1840.075
2025-01-13 10:30:00+00:00,,,40.0,0.0,115.81,1840.075
2025-01-13 10:45:00+00:00,,,40.25,0.0,115.81,1840.075
2025-01-13 11:00:00+00:00,,,32.0,0.0,105.16,1834.875
2025-01-13 11:15:00+00:00,,,51.5,0.0,105.16,1834.875
2025-01-13 11:30:00+00:00,,,34.5,0.0,105.16,1834.875
2025-01-13 11:45:00+00:00,,,50.0,0.0,105.16,1834.875
2025-01-13 12:00:00+00:00,,,45.75,0.0,103.64,1837.65
2025-01-13 12:15:00+00:00,,,41.0,0.0,103.64,1837.65
2025-01-13 12:30:00+00:00,,,61.75,0.0,103.64,1837.65
2025-01-13 12:45:00+00:00,,,74.0,0.0,103.64,1837.65
2025-01-13 13:00:00+00:00,,,50.75,0.0,105.8,1838.2
2025-01-13 13:15:00+00:00,,,69.0,0.0,105.8,1838.2
2025-01-13 13:30:00+00:00,,,60.25,0.0,105.8,1838.2
2025-01-13 13:45:00+00:00,,,49.25,0.0,105.8,1838.2
2025-01-13 14:00:00+00:00,,,47.5,0.0,122.2,1999.725
2025-01-13 14:15:00+00:00,,,51.5,0.0,122.2,1999.725
2025-01-13 14:30:00+00:00,,,53.25,0.0,122.2,1999.725
2025-01-13 14:45:00+00:00,,,53.75,0.0,122.2,1999.725
2025-01-13 15:00:00+00:00,,,22.25,0.0,132.46,2153.675
2025-01-13 15:15:00+00:00,,,33.25,0.0,132.46,2153.675
2025-01-13 15:30:00+00:00,,,11.35,0.0,132.46,2153.675
2025-01-13 15:45:00+00:00,,,16.675,0.0,132.46,2153.675
2025-01-13 16:00:00+00:00,,,41.25,0.0,148.75,2402.725
2025-01-13 16:15:00+00:00,,,37.0,0.0,148.75,2402.725
2025-01-13 16:30:00+00:00,,,42.75,0.0,148.75,2402.725
2025-01-13 16:45:00+00:00,,,11.825,0.0,148.75,2402.725
2025-01-13 17:00:00+00:00,,,41.5,0.0,157.65,2422.325
2025-01-13 17:15:00+00:00,,,4.4,0.0,157.65,2422.325
2025-01-13 17:30:00+00:00,,,22.075,0.0,157.65,2422.325
2025-01-13 17:45:00+00:00,,,0.6875,0.0,157.65,2422.325
2025-01-13 18:00:00+00:00,,,16.125,0.0,159.88,2295.9
2025-01-13 18:15:00+00:00,,,23.45,0.0,159.88,2295.9
2025-01-13 18:30:00+00:00,,,14.35,0.0,159.88,2295.9
2025-01-13 18:45:00+00:00,,,1.2975,0.0,159.88,2295.9
2025-01-13 19:00:00+00:00,,,26.25,0.0,142.46,2082.975
2025-01-13 19:15:00+00:00,,,25.5,0.0,142.46,2082.975
2025-01-13 19:30:00+00:00,,,49.0,0.0,142.46,2082.975
2025-01-13 19:45:00+00:00,,,19.025,0.0,142.46,2082.975
2025-01-13 20:00:00+00:00,,,30.75,0.0,122.5,1942.55
2025-01-13 20:15:00+00:00,,,28.25,0.0,122.5,1942.55
2025-01-13 20:30:00+00:00,,,24.925,0.0,122.5,1942.55
2025-01-13 20:45:00+00:00,,,22.3,0.0,122.5,1942.55
2025-01-13 21:00:00+00:00,,,2.165,0.0,121.81,1898.325
2025-01-13 21:15:00+00:00,,,12.05,0.0,121.81,1898.325
2025-01-13 21:30:00+00:00,,,15.9,0.0,121.81,1898.325
2025-01-13 21:45:00+00:00,,,21.35,0.0,121.81,1898.325
2025-01-13 22:00:00+00:00,,,22.2,0.0,121.7,1823.075
2025-01-13 22:15:00+00:00,,,23.45,0.0,121.7,1823.075
2025-01-13 22:30:00+00:00,,,17.575,0.0,121.7,1823.075
2025-01-13 22:45:00+00:00,,,18.575,0.0,121.7,1823.075
2025-01-13 23:00:00+00:00,,,25.25,0.0,122.03,1591.425
2025-01-13 23:15:00+00:00,,,25.25,0.0,122.03,1591.425
2025-01-13 23:30:00+00:00,,,23.675,0.0,122.03,1591.425
2025-01-13 23:45:00+00:00,,,26.75,0.0,122.03,1591.425
2025-01-14 00:00:00+00:00,,,31.5,0.0,117.71,1508.475
2025-01-14 00:15:00+00:00,,,31.75,0.0,117.71,1508.475
2025-01-14 00:30:00+00:00,,,30.75,0.0,117.71,1508.475
2025-01-14 00:45:00+00:00,,,31.5,0.0,117.71,1508.475
2025-01-14 01:00:00+00:00,,,33.75,0.0,114.34,1469.15
2025-01-14 01:15:00+00:00,,,36.25,0.0,114.34,1469.15
2025-01-14 01:30:00+00:00,,,37.25,0.0,114.34,1469.15
2025-01-14 01:45:00+00:00,,,38.0,0.0,114.34,1469.15
2025-01-14 02:00:00+00:00,,,45.0,0.0,112.03,1390.375
2025-01-14 02:15:00+00:00,,,48.5,0.0,112.03,1390.375
2025-01-14 02:30:00+00:00,,,49.5,0.0,112.03,1390.375
2025-01-14 02:45:00+00:00,,,46.25,0.0,112.03,1390.375
2025-01-14 03:00:00+00:00,,,28.25,0.0,112.21,1400.225
2025-01-14 03:15:00+00:00,,,11.975,0.0,112.21,1400.225
2025-01-14 03:30:00+00:00,,,0.0,6.225,112.21,1400.225
2025-01-14 03:45:00+00:00,,,0.0,14.95,112.21,1400.225
2025-01-14 04:00:00+00:00,,,20.725,0.0,114.34,1474.15
2025-01-14 04:15:00+00:00,,,17.95,0.0,114.34,1474.15
2025-01-14 04:30:00+00:00,,,0.0,2.1475,114.34,1474.15
2025-01-14 04:45:00+00:00,,,0.0,22.55,114.34,1474.15
2025-01-14 05:00:00+00:00,,,0.0,23.1,137.76,1720.05
2025-01-14 05:15:00+00:00,,,0.0,20.175,137.76,1720.05
2025-01-14 05:30:00+00:00,,,0.0,19.425,137.76,1720.05
2025-01-14 05:45:00+00:00,,,0.0,22.2,137.76,1720.05
2025-01-14 06:00:00+00:00,,,0.0,50.25,160.84,1924.075
2025-01-14 06:15:00+00:00,,,0.0,57.25,160.84,1924.075
2025-01-14 06:30:00+00:00,,,0.0,72.0,160.84,1924.075
2025-01-14 06:45:00+00:00,,,0.0,64.25,160.84,1924.075
2025-01-14 07:00:00+00:00,,,0.0,49.25,186.54,2038.725
2025-01-14 07:15:00+00:00,,,0.0,16.3,186.54,2038.725
2025-01-14 07:30:00+00:00,,,0.0,49.75,186.54,2038.725
2025-01-14 07:45:00+00:00,,,0.0,59.0,186.54,2038.725
2025-01-14 08:00:00+00:00,,,0.0,49.0,152.46,2021.9
2025-01-14 08:15:00+00:00,,,0.0,49.5,152.46,2021.9
2025-01-14 08:30:00+00:00,,,0.0,29.5,152.46,2021.9
2025-01-14 08:45:00+00:00,,,0.0,20.275,152.46,2021.9
2025-01-14 09:00:00+00:00,,,1.0375,0.0,133.59,1961.65
2025-01-14 09:15:00+00:00,,,12.4,0.0,133.59,1961.65
2025-01-14 09:30:00+00:00,,,36.25,0.0,133.59,1961.65
2025-01-14 09:45:00+00:00,,,46.5,0.0,133.59,1961.65
2025-01-14 10:00:00+00:00,,,6.975,0.0,114.15,1875.1
2025-01-14 10:15:00+00:00,,,7.475,0.0,114.15,1875.1
2025-01-14 10:30:00+00:00,,,35.5,0.0,114.15,1875.1
2025-01-14 10:45:00+00:00,,,28.0,0.0,114.15,1875.1
2025-01-14 11:00:00+00:00,,,34.0,0.0,111.87,1792.925
2025-01-14 11:15:00+00:00,,,48.75,0.0,111.87,1792.925
2025-01-14 11:30:00+00:00,,,51.5,0.0,111.87,1792.925
2025-01-14 11:45:00+00:00,,,55.75,0.0,111.87,1792.925
2025-01-14 12:00:00+00:00,,,75.25,0.0,111.31,1823.975
2025-01-14 12:15:00+00:00,,,72.75,0.0,111.31,1823.975
2025-01-14 12:30:00+00:00,,,74.5,0.0,111.31,1823.975
2025-01-14 12:45:00+00:00,,,75.5,0.0,111.31,1823.975
2025-01-14 13:00:00+00:00,,,83.0,0.0,115.85,1862.025
2025-01-14 13:15:00+00:00,,,83.5,0.0,115.85,1862.025
2025-01-14 13:30:00+00:00,,,55.75,0.0,115.85,1862.025
2025-01-14 13:45:00+00:00,,,54.5,0.0,115.85,1862.025
2025-01-14 14:00:00+00:00,,,53.0,0.0,127.36,1993.65
2025-01-14 14:15:00+00:00,,,50.5,0.0,127.36,1993.65
2025-01-14 14:30:00+00:00,,,47.0,0.0,127.36,1993.65
2025-01-14 14:45:00+00:00,,,41.5,0.0,127.36,1993.65
2025-01-14 15:00:00+00:00,,,36.0,0.0,143.58,2036.875
2025-01-14 15:15:00+00:00,,,33.75,0.0,143.58,2036.875
2025-01-14 15:30:00+00:00,,,33.0,0.0,143.58,2036.875
2025-01-14 15:45:00+00:00,,,32.75,0.0,143.58,2036.875
2025-01-14 16:00:00+00:00,,,32.0,0.0,167.73,2181.0
2025-01-14 16:15:00+00:00,,,30.5,0.0,167.73,2181.0
2025-01-14 16:30:00+00:00,,,31.0,0.0,167.73,2181.0
2025-01-14 16:45:00+00:00,,,31.0,0.0,167.73,2181.0
2025-01-14 17:00:00+00:00,,,31.0,0.0,186.82,2195.7
2025-01-14 17:15:00+00:00,,,31.0,0.0,186.82,2195.7
2025-01-14 17:30:00+00:00,,,30.75,0.0,186.82,2195.7
2025-01-14 17:45:00+00:00,,,1.5025,0.0,186.82,2195.7
2025-01-14 18:00:00+00:00,,,30.0,0.0,188.82,2095.675
2025-01-14 18:15:00+00:00,,,29.25,0.0,188.82,2095.675
2025-01-14 18:30:00+00:00,,,29.25,0.0,188.82,2095.675
2025-01-14 18:45:00+00:00,,,28.75,0.0,188.82,2095.675
2025-01-14 19:00:00+00:00,,,29.0,0.0,152.4,2074.875
2025-01-14 19:15:00+00:00,,,28.25,0.0,152.4,2074.875
2025-01-14 19:30:00+00:00,,,28.0,0.0,152.4,2074.875
2025-01-14 19:45:00+00:00,,,28.0,0.0,152.4,2074.875
2025-01-14 20:00:00+00:00,,,28.5,0.0,126.13,1955.25
2025-01-14 20:15:00+00:00,,,28.75,0.0,126.13,1955.25
2025-01-14 20:30:00+00:00,,,28.5,0.0,126.13,1955.25
2025-01-14 20:45:00+00:00,,,28.75,0.0,126.13,1955.25
2025-01-14 21:00:00+00:00,,,25.75,0.0,134.43,1769.3
2025-01-14 21:15:00+00:00,,,22.375,0.0,134.43,1769.3
2025-01-14 21:30:00+00:00,,,22.25,0.0,134.43,1769.3
2025-01-14 21:45:00+00:00,,,20.175,0.0,134.43,1769.3
2025-01-14 22:00:00+00:00,,,16.4,0.0,122.03,1731.125
2025-01-14 22:15:00+00:00,,,17.275,0.0,122.03,1731.125
2025-01-14 22:30:00+00:00,,,16.5,0.0,122.03,1731.125
2025-01-14 22:45:00+00:00,,,16.025,0.0,122.03,1731.125
2025-01-14 23:00:00+00:00,,,18.975,0.0,119.94,1586.075
2025-01-14 23:15:00+00:00,,,25.5,0.0,119.94,1586.075
2025-01-14 23:30:00+00:00,,,24.825,0.0,119.94,1586.075
2025-01-14 23:45:00+00:00,,,26.5,0.0,119.94,1586.075
2025-01-15 00:00:00+00:00,,,31.25,0.0,124.48,1484.475
2025-01-15 00:15:00+00:00,,,31.0,0.0,124.48,1484.475
2025-01-15 00:30:00+00:00,,,30.5,0.0,124.48,1484.475
2025-01-15 00:45:00+00:00,,,30.75,0.0,124.48,1484.475
2025-01-15 01:00:00+00:00,,,33.25,0.0,119.68,1437.25
2025-01-15 01:15:00+00:00,,,34.0,0.0,119.68,1437.25
2025-01-15 01:30:00+00:00,,,32.5,0.0,119.68,1437.25
2025-01-15 01:45:00+00:00,,,35.0,0.0,119.68,1437.25
2025-01-15 02:00:00+00:00,,,35.0,0.0,109.86,1415.725
2025-01-15 02:15:00+00:00,,,34.0,0.0,109.86,1415.725
2025-01-15 02:30:00+00:00,,,34.0,0.0,109.86,1415.725
2025-01-15 02:45:00+00:00,,,36.25,0.0,109.86,1415.725
2025-01-15 03:00:00+00:00,,,36.75,0.0,111.69,1426.475
2025-01-15 03:15:00+00:00,,,35.25,0.0,111.69,1426.475
2025-01-15 03:30:00+00:00,,,34.75,0.0,111.69,1426.475
2025-01-15 03:45:00+00:00,,,28.5,0.0,111.69,1426.475
2025-01-15 04:00:00+00:00,,,16.775,0.0,117.77,1524.525
2025-01-15 04:15:00+00:00,,,20.65,0.0,117.77,1524.525
2025-01-15 04:30:00+00:00,,,8.95,0.0,117.77,1524.525
2025-01-15 04:45:00+00:00,,,0.0,9.25,117.77,1524.525
2025-01-15 05:00:00+00:00,,,0.0,5.7,135.02,1814.8
2025-01-15 05:15:00+00:00,,,0.0,6.725,135.02,1814.8
2025-01-15 05:30:00+00:00,,,0.0,16.1,135.02,1814.8
2025-01-15 05:45:00+00:00,,,0.0,16.075,135.02,1814.8
2025-01-15 06:00:00+00:00,,,0.0,44.5,191.9,2000.2
2025-01-15 06:15:00+00:00,,,0.0,40.0,191.9,2000.2
2025-01-15 06:30:00+00:00,,,0.0,38.25,191.9,2000.2
2025-01-15 06:45:00+00:00,,,0.0,33.75,191.9,2000.2
2025-01-15 07:00:00+00:00,,,0.0,9.1,287.1,2158.3
2025-01-15 07:15:00+00:00,,,0.0,28.5,287.1,2158.3
2025-01-15 07:30:00+00:00,,,0.0,33.25,287.1,2158.3
2025-01-15 07:45:00+00:00,,,0.0,12.225,287.1,2158.3
2025-01-15 08:00:00+00:00,,,0.0,22.8,285.11,2232.55
2025-01-15 08:15:00+00:00,,,0.0,74.5,285.11,2232.55
2025-01-15 08:30:00+00:00,,,0.0,46.0,285.11,2232.55
2025-01-15 08:45:00+00:00,,,0.0,39.75,285.11,2232.55
2025-01-15 09:00:00+00:00,,,0.0,107.75,261.94,2199.125
2025-01-15 09:15:00+00:00,,,0.0,11.55,261.94,2199.125
2025-01-15 09:30:00+00:00,,,9.8,0.0,261.94,2199.125
2025-01-15 09:45:00+00:00,,,6.4,0.0,261.94,2199.125
2025-01-15 10:00:00+00:00,,,18.675,0.0,221.55,2125.05
2025-01-15 10:15:00+00:00,,,27.5,0.0,221.55,2125.05
2025-01-15 10:30:00+00:00,,,62.5,0.0,221.55,2125.05
2025-01-15 10:45:00+00:00,,,42.5,0.0,221.55,2125.05
2025-01-15 11:00:00+00:00,,,24.125,0.0,201.44,2034.025
2025-01-15 11:15:00+00:00,,,44.25,0.0,201.44,2034.025
2025-01-15 11:30:00+00:00,,,42.0,0.0,201.44,2034.025
2025-01-15 11:45:00+00:00,,,45.0,0.0,201.44,2034.025
2025-01-15 12:00:00+00:00,,,40.5,0.0,192.81,2049.7
2025-01-15 12:15:00+00:00,,,41.25,0.0,192.81,2049.7
2025-01-15 12:30:00+00:00,,,70.75,0.0,192.81,2049.7
2025-01-15 12:45:00+00:00,,,43.25,0.0,192.81,2049.7
2025-01-15 13:00:00+00:00,,,77.0,0.0,212.11,2056.325
2025-01-15 13:15:00+00:00,,,62.25,0.0,212.11,2056.325
2025-01-15 13:30:00+00:00,,,61.25,0.0,212.11,2056.325
2025-01-15 13:45:00+00:00,,,72.5,0.0,212.11,2056.325
2025-01-15 14:00:00+00:00,,,72.75,0.0,202.24,2123.375
2025-01-15 14:15:00+00:00,,,42.0,0.0,202.24,2123.375
2025-01-15 14:30:00+00:00,,,42.5,0.0,202.24,2123.375
2025-01-15 14:45:00+00:00,,,43.25,0.0,202.24,2123.375
2025-01-15 15:00:00+00:00,,,28.75,0.0,210.48,2233.175
2025-01-15 15:15:00+00:00,,,22.9,0.0,210.48,2233.175
2025-01-15 15:30:00+00:00,,,7.25,0.0,210.48,2233.175
2025-01-15 15:45:00+00:00,,,6.55,0.0,210.48,2233.175
2025-01-15 16:00:00+00:00,,,13.775,0.0,261.84,2377.5
2025-01-15 16:15:00+00:00,,,32.5,0.0,261.84,2377.5
2025-01-15 16:30:00+00:00,,,45.75,0.0,261.84,2377.5
2025-01-15 16:45:00+00:00,,,39.25,0.0,261.84,2377.5
2025-01-15 17:00:00+00:00,,,8.85,0.0,260.73,2397.025
2025-01-15 17:15:00+00:00,,,15.65,0.0,260.73,2397.025
2025-01-15 17:30:00+00:00,,,38.25,0.0,260.73,2397.025
2025-01-15 17:45:00+00:00,,,28.75,0.0,260.73,2397.025
2025-01-15 18:00:00+00:00,,,31.25,0.0,235.89,2302.2
2025-01-15 18:15:00+00:00,,,35.0,0.0,235.89,2302.2
2025-01-15 18:30:00+00:00,,,51.25,0.0,235.89,2302.2
2025-01-15 18:45:00+00:00,,,12.475,0.0,235.89,2302.2
2025-01-15 19:00:00+00:00,,,19.675,0.0,173.65,2169.85
2025-01-15 19:15:00+00:00,,,41.5,0.0,173.65,2169.85
2025-01-15 19:30:00+00:00,,,19.775,0.0,173.65,2169.85
2025-01-15 19:45:00+00:00,,,27.5,0.0,173.65,2169.85
2025-01-15 20:00:00+00:00,,,16.45,0.0,150.94,1876.75
2025-01-15 20:15:00+00:00,,,19.8,0.0,150.94,1876.75
2025-01-15 20:30:00+00:00,,,51.0,0.0,150.94,1876.75
2025-01-15 20:45:00+00:00,,,8.925,0.0,150.94,1876.75
2025-01-15 21:00:00+00:00,,,2.3375,0.0,139.67,1878.5
2025-01-15 21:15:00+00:00,,,9.75,0.0,139.67,1878.5
2025-01-15 21:30:00+00:00,,,4.975,0.0,139.67,1878.5
2025-01-15 21:45:00+00:00,,,12.9,0.0,139.67,1878.5
2025-01-15 22:00:00+00:00,,,18.75,0.0,123.9,1836.425
2025-01-15 22:15:00+00:00,,,1.68,0.0,123.9,1836.425
2025-01-15 22:30:00+00:00,,,33.25,0.0,123.9,1836.425
2025-01-15 22:45:00+00:00,,,48.5,0.0,123.9,1836.425
