dates,con,gen,off,inj,price [€/MWh],cleared_volume [MW],price,off_mwh,inj_mwh,charge_mwh,discharge_mwh,soc_mwh,net_grid_baseline,net_grid_with_bess
2024-12-31 23:00:00+00:00,,,0.19325,0.0,10.62,742.525,10.62,4.83125e-05,0.0,0.0,0.0,0.0,4.83125e-05,4.83125e-05
2024-12-31 23:15:00+00:00,,,2.825,0.0,10.62,742.525,10.62,0.0007062500000000001,0.0,0.0,0.0,0.0,0.0007062500000000001,0.0007062500000000001
2024-12-31 23:30:00+00:00,,,17.4,0.0,10.62,742.525,10.62,0.00435,0.0,0.0,0.0,0.0,0.00435,0.00435
2024-12-31 23:45:00+00:00,,,6.625,0.0,10.62,742.525,10.62,0.00165625,0.0,0.0,0.0,-0.0,0.00165625,0.00165625
2025-01-01 00:00:00+00:00,,,9.4,0.0,10.27,695.6,10.27,0.00235,0.0,0.0,0.0,-0.0,0.00235,0.00235
2025-01-01 00:15:00+00:00,,,20.4,0.0,10.27,695.6,10.27,0.0050999999999999995,0.0,0.0,0.0,0.0,0.0050999999999999995,0.0050999999999999995
2025-01-01 00:30:00+00:00,,,19.325,0.0,10.27,695.6,10.27,0.00483125,0.0,0.0,0.0,0.0,0.00483125,0.00483125
2025-01-01 00:45:00+00:00,,,17.525,0.0,10.27,695.6,10.27,0.00438125,0.0,0.0,0.0,0.0,0.00438125,0.00438125
2025-01-01 01:00:00+00:00,,,5.85,0.0,8.38,665.8,8.38,0.0014624999999999998,0.0,-0.0,0.0,-0.0,0.0014624999999999998,0.0014624999999999998
2025-01-01 01:15:00+00:00,,,7.425,0.0,8.38,665.8,8.38,0.00185625,0.0,0.0,0.0,-0.0,0.00185625,0.00185625
2025-01-01 01:30:00+00:00,,,4.05,0.0,8.38,665.8,8.38,0.0010125,0.0,0.0,0.0,0.0,0.0010125,0.0010125
2025-01-01 01:45:00+00:00,,,0.0,1.67,8.38,665.8,8.38,0.0,0.00041749999999999996,0.0,0.0,0.0,-0.00041749999999999996,-0.00041749999999999996
2025-01-01 02:00:00+00:00,,,26.25,0.0,6.61,645.075,6.61,0.0065625,0.0,-0.0,0.0,0.0,0.0065625,0.0065625
2025-01-01 02:15:00+00:00,,,19.7,0.0,6.61,645.075,6.61,0.004925,0.0,0.0,0.0,0.0,0.004925,0.004925
2025-01-01 02:30:00+00:00,,,18.325,0.0,6.61,645.075,6.61,0.00458125,0.0,0.0,0.0,0.0,0.00458125,0.00458125
2025-01-01 02:45:00+00:00,,,19.25,0.0,6.61,645.075,6.61,0.0048125,0.0,0.0,0.0,0.0,0.0048125,0.0048125
2025-01-01 03:00:00+00:00,,,15.7,0.0,2.29,663.575,2.29,0.003925,0.0,0.12107500000000002,0.0,0.11502124999999999,0.003925,0.12500000000000003
2025-01-01 03:15:00+00:00,,,12.7,0.0,2.29,663.575,2.29,0.003175,0.0,0.121825,0.0,0.23075499999999996,0.003175,0.125
2025-01-01 03:30:00+00:00,,,0.0,6.6,2.29,663.575,2.29,0.0,0.00165,0.125,0.0,0.34950499999999995,-0.00165,0.12335
2025-01-01 03:45:00+00:00,,,0.0,4.55,2.29,663.575,2.29,0.0,0.0011375,0.125,0.0,0.4682549999999999,-0.0011375,0.1238625
2025-01-01 04:00:00+00:00,,,31.25,0.0,3.01,668.125,3.01,0.0078125,0.0,0.1171875,0.0,0.5795831249999999,0.0078125,0.125
2025-01-01 04:15:00+00:00,,,16.1,0.0,3.01,668.125,3.01,0.004025,0.0,0.120975,0.0,0.6945093749999998,0.004025,0.125
2025-01-01 04:30:00+00:00,,,14.35,0.0,3.01,668.125,3.01,0.0035875,0.0,0.12141250000000002,0.0,0.8098512499999998,0.0035875,0.12500000000000003
2025-01-01 04:45:00+00:00,,,3.125,0.0,3.01,668.125,3.01,0.00078125,0.0,0.12421875000000002,0.0,0.9278590624999997,0.00078125,0.12500000000000003
2025-01-01 05:00:00+00:00,,,29.0,0.0,3.52,693.775,3.52,0.00725,0.0,0.11775,0.0,1.0397215624999998,0.00725,0.125
2025-01-01 05:15:00+00:00,,,28.25,0.0,3.52,693.775,3.52,0.0070625,0.0,0.1179375,0.0,1.1517621874999997,0.0070625,0.125
2025-01-01 05:30:00+00:00,,,0.0,8.3,3.52,693.775,3.52,0.0,0.002075,0.125,0.0,1.2705121874999998,-0.002075,0.122925
2025-01-01 05:45:00+00:00,,,17.5,0.0,3.52,693.775,3.52,0.004375,0.0,0.12062500000000001,0.0,1.3851059374999997,0.004375,0.125
2025-01-01 06:00:00+00:00,,,18.425,0.0,2.55,699.3,2.55,0.00460625,0.0,0.12039375,0.0,1.4994799999999997,0.00460625,0.125
2025-01-01 06:15:00+00:00,,,28.0,0.0,2.55,699.3,2.55,0.007,0.0,0.11800000000000001,0.0,1.6115799999999998,0.007,0.125
2025-01-01 06:30:00+00:00,,,8.325,0.0,2.55,699.3,2.55,0.0020812499999999998,0.0,0.12291875000000001,0.0,1.7283528124999996,0.0020812499999999998,0.125
2025-01-01 06:45:00+00:00,,,15.275,0.0,2.55,699.3,2.55,0.00381875,0.0,0.12118125000000002,0.0,1.8434749999999995,0.00381875,0.12500000000000003
2025-01-01 07:00:00+00:00,,,49.5,0.0,4.24,804.825,4.24,0.012375,0.0,0.0,0.0,1.8434749999999995,0.012375,0.012375
2025-01-01 07:15:00+00:00,,,2.2125,0.0,4.24,804.825,4.24,0.000553125,0.0,0.0,0.0,1.8434749999999995,0.000553125,0.000553125
2025-01-01 07:30:00+00:00,,,7.875,0.0,4.24,804.825,4.24,0.00196875,0.0,0.04478815789473734,0.0,1.88602375,0.00196875,0.04675690789473734
2025-01-01 07:45:00+00:00,,,20.1,0.0,4.24,804.825,4.24,0.005025,0.0,0.11997500000000001,0.0,2.0,0.005025,0.125
2025-01-01 08:00:00+00:00,,,36.0,0.0,7.5,832.725,7.5,0.009,0.0,0.0,0.0,2.0,0.009,0.009
2025-01-01 08:15:00+00:00,,,0.0,17.0,7.5,832.725,7.5,0.0,0.00425,0.0,0.0,2.0,-0.00425,-0.00425
2025-01-01 08:30:00+00:00,,,0.0,0.8125,7.5,832.725,7.5,0.0,0.000203125,0.0,0.0,2.0,-0.000203125,-0.000203125
2025-01-01 08:45:00+00:00,,,0.0,12.075,7.5,832.725,7.5,0.0,0.0030187499999999997,0.0,0.0,2.0,-0.0030187499999999997,-0.0030187499999999997
2025-01-01 09:00:00+00:00,,,0.0,5.15,15.91,895.1,15.91,0.0,0.0012875,0.0,0.0,2.0,-0.0012875,-0.0012875
2025-01-01 09:15:00+00:00,,,0.2775,0.0,15.91,895.1,15.91,6.9375e-05,0.0,0.0,0.0,2.0,6.9375e-05,6.9375e-05
2025-01-01 09:30:00+00:00,,,0.0,28.5,15.91,895.1,15.91,0.0,0.007125,0.0,0.0,2.0,-0.007125,-0.007125
2025-01-01 09:45:00+00:00,,,0.0,49.5,15.91,895.1,15.91,0.0,0.012375,0.0,0.0,2.0,-0.012375,-0.012375
2025-01-01 10:00:00+00:00,,,0.0,37.0,20.59,920.375,20.59,0.0,0.00925,0.0,0.0,2.0,-0.00925,-0.00925
2025-01-01 10:15:00+00:00,,,0.0,31.0,20.59,920.375,20.59,0.0,0.00775,0.0,0.0,2.0,-0.00775,-0.00775
2025-01-01 10:30:00+00:00,,,0.0,41.25,20.59,920.375,20.59,0.0,0.0103125,0.0,0.0,2.0,-0.0103125,-0.0103125
2025-01-01 10:45:00+00:00,,,0.0,37.0,20.59,920.375,20.59,0.0,0.00925,-0.0,0.0,2.0,-0.00925,-0.00925
2025-01-01 11:00:00+00:00,,,0.0,8.075,29.94,977.3,29.94,0.0,0.0020187499999999997,0.0,0.12298124999999999,1.870546052631579,-0.0020187499999999997,-0.12499999999999999
2025-01-01 11:15:00+00:00,,,0.0,2.2275,29.94,977.3,29.94,0.0,0.000556875,0.0,0.12444312499999999,1.739553289473684,-0.000556875,-0.12499999999999999
2025-01-01 11:30:00+00:00,,,0.0,3.725,29.94,977.3,29.94,0.0,0.00093125,0.0,0.12406875000000002,1.6089546052631578,-0.00093125,-0.12500000000000003
2025-01-01 11:45:00+00:00,,,0.0,11.85,29.94,977.3,29.94,0.0,0.0029625,0.0,0.12203749999999998,1.4804940789473682,-0.0029625,-0.12499999999999997
2025-01-01 12:00:00+00:00,,,21.025,0.0,37.14,984.3,37.14,0.00525625,0.0,0.0,0.125,1.3489151315789472,0.00525625,-0.11974375
2025-01-01 12:15:00+00:00,,,0.0,6.8,37.14,984.3,37.14,0.0,0.0017,0.0,0.1233,1.2191256578947367,-0.0017,-0.125
2025-01-01 12:30:00+00:00,,,0.0,2.975,37.14,984.3,37.14,0.0,0.00074375,0.0,0.12425625000000001,1.088329605263158,-0.00074375,-0.125
2025-01-01 12:45:00+00:00,,,0.0,6.975,37.14,984.3,37.14,0.0,0.0017437499999999999,0.0,0.12325624999999998,0.9585861842105264,-0.0017437499999999999,-0.12499999999999999
2025-01-01 13:00:00+00:00,,,0.0,1.61,26.32,992.875,26.32,0.0,0.0004025,0.10575006925207726,0.0,1.0590487499999999,-0.0004025,0.10534756925207726
2025-01-01 13:15:00+00:00,,,3.65,0.0,26.32,992.875,26.32,0.0009125,0.0,0.0,0.0,1.0590487499999999,0.0009125,0.0009125
2025-01-01 13:30:00+00:00,,,0.0,0.13175,26.32,992.875,26.32,0.0,3.29375e-05,0.0,0.0,1.0590487499999999,-3.29375e-05,-3.29375e-05
2025-01-01 13:45:00+00:00,,,0.0,2.775,26.32,992.875,26.32,0.0,0.00069375,0.0,0.0,1.0590487499999999,-0.00069375,-0.00069375
2025-01-01 14:00:00+00:00,,,0.0,36.0,22.1,1018.975,22.1,0.0,0.009,0.125,0.0,1.1777987499999998,-0.009,0.116
2025-01-01 14:15:00+00:00,,,0.0,24.4,22.1,1018.975,22.1,0.0,0.0060999999999999995,0.125,0.0,1.29654875,-0.0060999999999999995,0.1189
2025-01-01 14:30:00+00:00,,,0.0,1.18,22.1,1018.975,22.1,0.0,0.00029499999999999996,0.125,0.0,1.4152987499999998,-0.00029499999999999996,0.124705
2025-01-01 14:45:00+00:00,,,0.0,2.8,22.1,1018.975,22.1,0.0,0.0007,0.125,0.0,1.53404875,-0.0007,0.1243
2025-01-01 15:00:00+00:00,,,0.0,0.8975,19.28,1019.425,19.28,0.0,0.000224375,0.125,0.0,1.6527987499999999,-0.000224375,0.124775625
2025-01-01 15:15:00+00:00,,,15.875,0.0,19.28,1019.425,19.28,0.00396875,0.0,0.12103125,0.0,1.7677784375,0.00396875,0.125
2025-01-01 15:30:00+00:00,,,22.225,0.0,19.28,1019.425,19.28,0.00555625,0.0,0.11944375,0.0,1.8812499999999999,0.00555625,0.125
2025-01-01 15:45:00+00:00,,,0.0,4.35,19.28,1019.425,19.28,0.0,0.0010875,0.125,0.0,2.0,-0.0010875,0.1239125
2025-01-01 16:00:00+00:00,,,17.55,0.0,41.92,1114.375,41.92,0.0043875,0.0,0.0,0.0,2.0,0.0043875,0.0043875
2025-01-01 16:15:00+00:00,,,18.325,0.0,41.92,1114.375,41.92,0.00458125,0.0,0.0,0.0,2.0,0.00458125,0.00458125
2025-01-01 16:30:00+00:00,,,16.125,0.0,41.92,1114.375,41.92,0.00403125,0.0,0.0,0.0,2.0,0.00403125,0.00403125
2025-01-01 16:45:00+00:00,,,20.35,0.0,41.92,1114.375,41.92,0.0050875,0.0,0.0,0.0,2.0,0.0050875,0.0050875
2025-01-01 17:00:00+00:00,,,33.25,0.0,57.95,1166.35,57.95,0.0083125,0.0,0.0,0.125,1.868421052631579,0.0083125,-0.1166875
2025-01-01 17:15:00+00:00,,,0.0,0.21275,57.95,1166.35,57.95,0.0,5.31875e-05,0.0,0.1249468125,1.7368980921052632,-5.31875e-05,-0.125
2025-01-01 17:30:00+00:00,,,14.175,0.0,57.95,1166.35,57.95,0.00354375,0.0,0.0,0.125,1.6053191447368422,0.00354375,-0.12145625
2025-01-01 17:45:00+00:00,,,18.125,0.0,57.95,1166.35,57.95,0.00453125,0.0,0.0,0.125,1.4737401973684212,0.00453125,-0.12046875
2025-01-01 18:00:00+00:00,,,16.675,0.0,59.23,1161.35,59.23,0.004168750000000001,0.0,0.0,0.125,1.3421612500000002,0.004168750000000001,-0.12083125
2025-01-01 18:15:00+00:00,,,26.25,0.0,59.23,1161.35,59.23,0.0065625,0.0,0.0,0.125,1.210582302631579,0.0065625,-0.1184375
2025-01-01 18:30:00+00:00,,,6.925,0.0,59.23,1161.35,59.23,0.00173125,0.0,0.0,0.125,1.079003355263158,0.00173125,-0.12326875
2025-01-01 18:45:00+00:00,,,15.5,0.0,59.23,1161.35,59.23,0.003875,0.0,0.0,0.125,0.9474244078947369,0.003875,-0.121125
2025-01-01 19:00:00+00:00,,,25.25,0.0,45.86,1126.675,45.86,0.0063125,0.0,0.0,0.0,0.9474244078947369,0.0063125,0.0063125
2025-01-01 19:15:00+00:00,,,29.75,0.0,45.86,1126.675,45.86,0.0074375,0.0,0.0,0.033203432812499996,0.9124734259868422,0.0074375,-0.025765932812499996
2025-01-01 19:30:00+00:00,,,12.1,0.0,45.86,1126.675,45.86,0.003025,0.0,0.0,0.125,0.7808944786184212,0.003025,-0.121975
2025-01-01 19:45:00+00:00,,,1.245,0.0,45.86,1126.675,45.86,0.00031125,0.0,0.0,0.125,0.6493155312500002,0.00031125,-0.12468875
2025-01-01 20:00:00+00:00,,,47.0,0.0,38.46,1094.75,38.46,0.01175,0.0,0.11325000000000002,0.0,0.7569030312500001,0.01175,0.12500000000000003
2025-01-01 20:15:00+00:00,,,9.05,0.0,38.46,1094.75,38.46,0.0022625,0.0,0.1227375,0.0,0.8735036562500001,0.0022625,0.125
2025-01-01 20:30:00+00:00,,,34.25,0.0,38.46,1094.75,38.46,0.0085625,0.0,0.11643750000000001,0.0,0.9841192812500001,0.0085625,0.125
2025-01-01 20:45:00+00:00,,,38.75,0.0,38.46,1094.75,38.46,0.0096875,0.0,0.1153125,0.0,1.09366615625,0.0096875,0.125
2025-01-01 21:00:00+00:00,,,45.0,0.0,32.07,1127.65,32.07,0.01125,0.0,0.11375000000000002,0.0,1.2017286562500002,0.01125,0.12500000000000003
2025-01-01 21:15:00+00:00,,,48.25,0.0,32.07,1127.65,32.07,0.0120625,0.0,0.11293750000000001,0.0,1.30901928125,0.0120625,0.125
2025-01-01 21:30:00+00:00,,,39.5,0.0,32.07,1127.65,32.07,0.009875,0.0,0.115125,0.0,1.4183880312500001,0.009875,0.125
2025-01-01 21:45:00+00:00,,,18.675,0.0,32.07,1127.65,32.07,0.00466875,0.0,0.12033125000000001,0.0,1.5327027187500002,0.00466875,0.12500000000000003
2025-01-01 22:00:00+00:00,,,12.425,0.0,25.49,1147.675,25.49,0.00310625,0.0,0.12189375000000001,0.0,1.6485017812500002,0.00310625,0.125
2025-01-01 22:15:00+00:00,,,14.325,0.0,25.49,1147.675,25.49,0.00358125,0.0,0.12141875,0.0,1.76384959375,0.00358125,0.125
2025-01-01 22:30:00+00:00,,,3.6,0.0,25.49,1147.675,25.49,0.0009,0.0,0.1241,0.0,1.88174459375,0.0009,0.125
2025-01-01 22:45:00+00:00,,,2.0825,0.0,25.49,1147.675,25.49,0.000520625,0.0,0.12447937500000002,0.0,2.0,0.000520625,0.12500000000000003
2025-01-01 23:00:00+00:00,,,0.0,2.625,46.42,1244.075,46.42,0.0,0.00065625,0.0,0.0,2.0,-0.00065625,-0.00065625
2025-01-01 23:15:00+00:00,,,4.525,0.0,46.42,1244.075,46.42,0.00113125,0.0,0.0,0.0,2.0,0.00113125,0.00113125
2025-01-01 23:30:00+00:00,,,5.025,0.0,46.42,1244.075,46.42,0.00125625,0.0,0.0,0.0,2.0,0.00125625,0.00125625
2025-01-01 23:45:00+00:00,,,0.0,2.625,46.42,1244.075,46.42,0.0,0.00065625,0.0,0.0,2.0,-0.00065625,-0.00065625
2025-01-02 00:00:00+00:00,,,5.275,0.0,61.27,1265.175,61.27,0.00131875,0.0,0.0,0.0,2.0,0.00131875,0.00131875
2025-01-02 00:15:00+00:00,,,5.85,0.0,61.27,1265.175,61.27,0.0014624999999999998,0.0,0.0,0.0,2.0,0.0014624999999999998,0.0014624999999999998
2025-01-02 00:30:00+00:00,,,11.95,0.0,61.27,1265.175,61.27,0.0029874999999999997,0.0,0.0,0.0,2.0,0.0029874999999999997,0.0029874999999999997
2025-01-02 00:45:00+00:00,,,19.825,0.0,61.27,1265.175,61.27,0.00495625,0.0,0.0,0.0,2.0,0.00495625,0.00495625
2025-01-02 01:00:00+00:00,,,35.5,0.0,62.37,1335.675,62.37,0.008875,0.0,0.0,0.125,1.868421052631579,0.008875,-0.116125
2025-01-02 01:15:00+00:00,,,19.75,0.0,62.37,1335.675,62.37,0.0049375,0.0,0.0,0.125,1.736842105263158,0.0049375,-0.1200625
2025-01-02 01:30:00+00:00,,,19.275,0.0,62.37,1335.675,62.37,0.004818749999999999,0.0,0.0,0.125,1.605263157894737,0.004818749999999999,-0.12018125
2025-01-02 01:45:00+00:00,,,0.01225,0.0,62.37,1335.675,62.37,3.0625000000000003e-06,0.0,0.0,0.06089057812499996,1.5411678125000001,3.0625000000000003e-06,-0.060887515624999965
2025-01-02 02:00:00+00:00,,,22.125,0.0,59.83,1402.2,59.83,0.00553125,0.0,0.0,0.0,1.5411678125000001,0.00553125,0.00553125
2025-01-02 02:15:00+00:00,,,16.575,0.0,59.83,1402.2,59.83,0.00414375,0.0,0.0,0.0,1.5411678125000001,0.00414375,0.00414375
2025-01-02 02:30:00+00:00,,,17.875,0.0,59.83,1402.2,59.83,0.00446875,0.0,0.0,0.0,1.5411678125000001,0.00446875,0.00446875
2025-01-02 02:45:00+00:00,,,11.45,0.0,59.83,1402.2,59.83,0.0028625,0.0,0.0,0.0,1.5411678125000001,0.0028625,0.0028625
2025-01-02 03:00:00+00:00,,,15.85,0.0,52.61,1451.575,52.61,0.0039625,0.0,0.12103750000000002,0.0,1.6561534375,0.0039625,0.12500000000000003
2025-01-02 03:15:00+00:00,,,17.7,0.0,52.61,1451.575,52.61,0.004425,0.0,0.12057500000000002,0.0,1.7706996874999998,0.004425,0.12500000000000003
2025-01-02 03:30:00+00:00,,,17.275,0.0,52.61,1451.575,52.61,0.00431875,0.0,0.12068125000000002,0.0,1.885346875,0.00431875,0.12500000000000003
2025-01-02 03:45:00+00:00,,,17.25,0.0,52.61,1451.575,52.61,0.0043125,0.0,0.12068750000000002,0.0,2.0,0.0043125,0.12500000000000003
2025-01-02 04:00:00+00:00,,,18.225,0.0,61.63,1521.55,61.63,0.00455625,0.0,0.0,0.0,2.0,0.00455625,0.00455625
2025-01-02 04:15:00+00:00,,,16.65,0.0,61.63,1521.55,61.63,0.0041624999999999995,0.0,0.0,0.0,2.0,0.0041624999999999995,0.0041624999999999995
2025-01-02 04:30:00+00:00,,,16.425,0.0,61.63,1521.55,61.63,0.0041062500000000005,0.0,0.0,0.0,2.0,0.0041062500000000005,0.0041062500000000005
2025-01-02 04:45:00+00:00,,,17.6,0.0,61.63,1521.55,61.63,0.0044,0.0,0.0,0.0,2.0,0.0044,0.0044
2025-01-02 05:00:00+00:00,,,18.075,0.0,103.55,1641.375,103.55,0.00451875,0.0,0.0,0.0,2.0,0.00451875,0.00451875
2025-01-02 05:15:00+00:00,,,17.2,0.0,103.55,1641.375,103.55,0.0043,0.0,0.0,0.0,2.0,0.0043,0.0043
2025-01-02 05:30:00+00:00,,,18.25,0.0,103.55,1641.375,103.55,0.0045625,0.0,0.0,0.0,2.0,0.0045625,0.0045625
2025-01-02 05:45:00+00:00,,,28.0,0.0,103.55,1641.375,103.55,0.007,0.0,-0.0,0.0,2.0,0.007,0.007
2025-01-02 06:00:00+00:00,,,36.5,0.0,129.62,1736.325,129.62,0.009125,0.0,0.0,0.0,2.0,0.009125,0.009125
2025-01-02 06:15:00+00:00,,,40.25,0.0,129.62,1736.325,129.62,0.0100625,0.0,0.0,0.0,2.0,0.0100625,0.0100625
2025-01-02 06:30:00+00:00,,,39.5,0.0,129.62,1736.325,129.62,0.009875,0.0,0.0,0.0,2.0,0.009875,0.009875
2025-01-02 06:45:00+00:00,,,38.5,0.0,129.62,1736.325,129.62,0.009625,0.0,0.0,0.0,2.0,0.009625,0.009625
2025-01-02 07:00:00+00:00,,,39.0,0.0,142.71,1803.525,142.71,0.00975,0.0,0.0,0.125,1.868421052631579,0.00975,-0.11525
2025-01-02 07:15:00+00:00,,,39.75,0.0,142.71,1803.525,142.71,0.0099375,0.0,0.0,0.125,1.736842105263158,0.0099375,-0.1150625
2025-01-02 07:30:00+00:00,,,52.5,0.0,142.71,1803.525,142.71,0.013125,0.0,0.0,0.125,1.605263157894737,0.013125,-0.111875
2025-01-02 07:45:00+00:00,,,16.075,0.0,142.71,1803.525,142.71,0.00401875,0.0,0.0,0.125,1.473684210526316,0.00401875,-0.12098125
2025-01-02 08:00:00+00:00,,,28.75,0.0,141.4,1943.05,141.4,0.0071875,0.0,0.0,0.125,1.3421052631578947,0.0071875,-0.1178125
2025-01-02 08:15:00+00:00,,,25.75,0.0,141.4,1943.05,141.4,0.0064375,0.0,0.0,0.125,1.2105263157894737,0.0064375,-0.1185625
2025-01-02 08:30:00+00:00,,,38.0,0.0,141.4,1943.05,141.4,0.0095,0.0,0.0,0.125,1.0789473684210527,0.0095,-0.1155
2025-01-02 08:45:00+00:00,,,4.175,0.0,141.4,1943.05,141.4,0.00104375,0.0,0.0,0.125,0.9473684210526316,0.00104375,-0.12395625
2025-01-02 09:00:00+00:00,,,0.0,28.75,130.25,2012.375,130.25,0.0,0.0071875,0.0,0.0,0.9473684210526316,-0.0071875,-0.0071875
2025-01-02 09:15:00+00:00,,,0.0,27.0,130.25,2012.375,130.25,0.0,0.00675,0.0,0.0,0.9473684210526316,-0.00675,-0.00675
2025-01-02 09:30:00+00:00,,,0.0,30.0,130.25,2012.375,130.25,0.0,0.0075,0.0,0.0,0.9473684210526316,-0.0075,-0.0075
2025-01-02 09:45:00+00:00,,,0.0,67.75,130.25,2012.375,130.25,0.0,0.0169375,0.0,0.0,0.9473684210526316,-0.0169375,-0.0169375
2025-01-02 10:00:00+00:00,,,0.0,69.5,130.6,1865.375,130.6,0.0,0.017375,0.0,0.0,0.9473684210526316,-0.017375,-0.017375
2025-01-02 10:15:00+00:00,,,0.0,106.25,130.6,1865.375,130.6,0.0,0.0265625,0.0,0.0,0.9473684210526316,-0.0265625,-0.0265625
2025-01-02 10:30:00+00:00,,,0.0,126.25,130.6,1865.375,130.6,0.0,0.0315625,0.0,0.0,0.9473684210526316,-0.0315625,-0.0315625
2025-01-02 10:45:00+00:00,,,0.0,137.75,130.6,1865.375,130.6,0.0,0.0344375,0.0,0.0,0.9473684210526316,-0.0344375,-0.0344375
2025-01-02 11:00:00+00:00,,,0.0,145.5,133.89,1696.375,133.89,0.0,0.036375,0.0,0.0,0.9473684210526316,-0.036375,-0.036375
2025-01-02 11:15:00+00:00,,,0.0,121.25,133.89,1696.375,133.89,0.0,0.0303125,0.0,0.0,0.9473684210526316,-0.0303125,-0.0303125
2025-01-02 11:30:00+00:00,,,0.0,122.0,133.89,1696.375,133.89,0.0,0.0305,0.0,0.0,0.9473684210526316,-0.0305,-0.0305
2025-01-02 11:45:00+00:00,,,0.0,147.0,133.89,1696.375,133.89,0.0,0.03675,0.0,0.0,0.9473684210526316,-0.03675,-0.03675
2025-01-02 12:00:00+00:00,,,0.0,129.0,124.11,1689.225,124.11,0.0,0.03225,0.125,0.0,1.0661184210526318,-0.03225,0.09275
2025-01-02 12:15:00+00:00,,,0.0,144.0,124.11,1689.225,124.11,0.0,0.036,0.125,0.0,1.1848684210526317,-0.036,0.089
2025-01-02 12:30:00+00:00,,,0.0,164.0,124.11,1689.225,124.11,0.0,0.041,0.125,0.0,1.3036184210526318,-0.041,0.08399999999999999
2025-01-02 12:45:00+00:00,,,0.0,105.5,124.11,1689.225,124.11,0.0,0.026375,0.125,0.0,1.4223684210526317,-0.026375,0.098625
2025-01-02 13:00:00+00:00,,,0.0,149.25,126.45,1717.325,126.45,0.0,0.0373125,0.0,0.0,1.4223684210526317,-0.0373125,-0.0373125
2025-01-02 13:15:00+00:00,,,0.0,85.5,126.45,1717.325,126.45,0.0,0.021375,0.0,0.0,1.4223684210526317,-0.021375,-0.021375
2025-01-02 13:30:00+00:00,,,0.0,64.0,126.45,1717.325,126.45,0.0,0.016,0.03981994459833761,0.0,1.4601973684210525,-0.016,0.02381994459833761
2025-01-02 13:45:00+00:00,,,0.0,90.0,126.45,1717.325,126.45,0.0,0.0225,0.125,0.0,1.5789473684210524,-0.0225,0.10250000000000001
2025-01-02 14:00:00+00:00,,,0.0,15.525,130.11,1759.45,130.11,0.0,0.00388125,0.0,0.0,1.5789473684210524,-0.00388125,-0.00388125
2025-01-02 14:15:00+00:00,,,7.925,0.0,130.11,1759.45,130.11,0.00198125,0.0,0.0,0.0,1.5789473684210524,0.00198125,0.00198125
2025-01-02 14:30:00+00:00,,,16.875,0.0,130.11,1759.45,130.11,0.00421875,0.0,0.0,0.0,1.5789473684210524,0.00421875,0.00421875
2025-01-02 14:45:00+00:00,,,33.25,0.0,130.11,1759.45,130.11,0.0083125,0.0,0.0,0.0,1.5789473684210524,0.0083125,0.0083125
2025-01-02 15:00:00+00:00,,,63.5,0.0,139.04,1888.4,139.04,0.015875,0.0,0.0,0.0,1.5789473684210524,0.015875,0.015875
2025-01-02 15:15:00+00:00,,,65.0,0.0,139.04,1888.4,139.04,0.01625,0.0,0.0,0.0,1.5789473684210524,0.01625,0.01625
2025-01-02 15:30:00+00:00,,,57.0,0.0,139.04,1888.4,139.04,0.01425,0.0,0.0,0.0,1.5789473684210524,0.01425,0.01425
2025-01-02 15:45:00+00:00,,,61.5,0.0,139.04,1888.4,139.04,0.015375,0.0,0.0,0.0,1.5789473684210524,0.015375,0.015375
2025-01-02 16:00:00+00:00,,,64.5,0.0,153.13,2028.0,153.13,0.016125,0.0,0.0,0.125,1.4473684210526314,0.016125,-0.108875
2025-01-02 16:15:00+00:00,,,29.75,0.0,153.13,2028.0,153.13,0.0074375,0.0,0.0,0.125,1.3157894736842104,0.0074375,-0.1175625
2025-01-02 16:30:00+00:00,,,29.5,0.0,153.13,2028.0,153.13,0.007375,0.0,0.0,0.125,1.1842105263157894,0.007375,-0.11762500000000001
2025-01-02 16:45:00+00:00,,,29.25,0.0,153.13,2028.0,153.13,0.0073125,0.0,0.0,0.125,1.0526315789473684,0.0073125,-0.1176875
2025-01-02 17:00:00+00:00,,,28.75,0.0,153.04,2005.925,153.04,0.0071875,0.0,0.0,0.125,0.9210526315789473,0.0071875,-0.1178125
2025-01-02 17:15:00+00:00,,,36.0,0.0,153.04,2005.925,153.04,0.009,0.0,0.0,0.125,0.7894736842105262,0.009,-0.116
2025-01-02 17:30:00+00:00,,,51.5,0.0,153.04,2005.925,153.04,0.012875,0.0,0.0,0.125,0.6578947368421052,0.012875,-0.112125
2025-01-02 17:45:00+00:00,,,57.25,0.0,153.04,2005.925,153.04,0.0143125,0.0,0.0,0.125,0.5263157894736842,0.0143125,-0.1106875
2025-01-02 18:00:00+00:00,,,28.75,0.0,153.06,1890.975,153.06,0.0071875,0.0,0.0,0.125,0.3947368421052631,0.0071875,-0.1178125
2025-01-02 18:15:00+00:00,,,55.75,0.0,153.06,1890.975,153.06,0.0139375,0.0,0.0,0.125,0.2631578947368421,0.0139375,-0.1110625
2025-01-02 18:30:00+00:00,,,51.25,0.0,153.06,1890.975,153.06,0.0128125,0.0,0.0,0.125,0.13157894736842105,0.0128125,-0.1121875
2025-01-02 18:45:00+00:00,,,53.0,0.0,153.06,1890.975,153.06,0.01325,0.0,0.0,0.125,-0.0,0.01325,-0.11175
2025-01-02 19:00:00+00:00,,,2.7,0.0,131.07,1701.25,131.07,0.000675,0.0,0.0,0.0,0.0,0.000675,0.000675
2025-01-02 19:15:00+00:00,,,25.5,0.0,131.07,1701.25,131.07,0.006375,0.0,0.0,0.0,0.0,0.006375,0.006375
2025-01-02 19:30:00+00:00,,,22.35,0.0,131.07,1701.25,131.07,0.0055875000000000005,0.0,0.0,0.0,0.0,0.0055875000000000005,0.0055875000000000005
2025-01-02 19:45:00+00:00,,,39.5,0.0,131.07,1701.25,131.07,0.009875,0.0,0.0,0.0,-0.0,0.009875,0.009875
2025-01-02 20:00:00+00:00,,,0.0,2.2475,120.23,1628.4,120.23,0.0,0.000561875,0.0,0.0,-0.0,-0.000561875,-0.000561875
2025-01-02 20:15:00+00:00,,,0.0,2.3175,120.23,1628.4,120.23,0.0,0.0005793749999999999,0.0,0.0,0.0,-0.0005793749999999999,-0.0005793749999999999
2025-01-02 20:30:00+00:00,,,10.825,0.0,120.23,1628.4,120.23,0.00270625,0.0,0.0,0.0,0.0,0.00270625,0.00270625
2025-01-02 20:45:00+00:00,,,21.2,0.0,120.23,1628.4,120.23,0.0053,0.0,0.0,0.0,0.0,0.0053,0.0053
2025-01-02 21:00:00+00:00,,,0.0,4.075,117.97,1673.325,117.97,0.0,0.0010187500000000001,-0.0,0.0,-0.0,-0.0010187500000000001,-0.0010187500000000001
2025-01-02 21:15:00+00:00,,,14.475,0.0,117.97,1673.325,117.97,0.00361875,0.0,0.0,0.0,-0.0,0.00361875,0.00361875
2025-01-02 21:30:00+00:00,,,24.425,0.0,117.97,1673.325,117.97,0.0061062500000000006,0.0,0.0,0.0,-0.0,0.0061062500000000006,0.0061062500000000006
2025-01-02 21:45:00+00:00,,,46.0,0.0,117.97,1673.325,117.97,0.0115,0.0,0.0,0.0,0.0,0.0115,0.0115
2025-01-02 22:00:00+00:00,,,42.0,0.0,112.03,1653.675,112.03,0.0105,0.0,0.0,0.0,0.0,0.0105,0.0105
2025-01-02 22:15:00+00:00,,,39.5,0.0,112.03,1653.675,112.03,0.009875,0.0,0.0,0.0,0.0,0.009875,0.009875
2025-01-02 22:30:00+00:00,,,0.14525,0.0,112.03,1653.675,112.03,3.6312499999999995e-05,0.0,0.0,0.0,0.0,3.6312499999999995e-05,3.6312499999999995e-05
2025-01-02 22:45:00+00:00,,,2.2775,0.0,112.03,1653.675,112.03,0.000569375,0.0,0.0,0.0,-0.0,0.000569375,0.000569375
2025-01-02 23:00:00+00:00,,,0.0,2.3875,105.68,1530.725,105.68,0.0,0.0005968750000000001,0.0,0.0,-0.0,-0.0005968750000000001,-0.0005968750000000001
2025-01-02 23:15:00+00:00,,,3.3,0.0,105.68,1530.725,105.68,0.000825,0.0,0.0,0.0,-0.0,0.000825,0.000825
2025-01-02 23:30:00+00:00,,,13.8,0.0,105.68,1530.725,105.68,0.0034500000000000004,0.0,0.0,0.0,0.0,0.0034500000000000004,0.0034500000000000004
2025-01-02 23:45:00+00:00,,,1.7175,0.0,105.68,1530.725,105.68,0.000429375,0.0,0.0,0.0,0.0,0.000429375,0.000429375
2025-01-03 00:00:00+00:00,,,5.55,0.0,98.54,1470.575,98.54,0.0013875,0.0,0.1236125,0.0,0.11743187499999999,0.0013875,0.125
2025-01-03 00:15:00+00:00,,,0.0,0.335,98.54,1470.575,98.54,0.0,8.375e-05,0.125,0.0,0.23618187499999996,-8.375e-05,0.12491625
2025-01-03 00:30:00+00:00,,,0.0,2.625,98.54,1470.575,98.54,0.0,0.00065625,0.125,0.0,0.35493187499999995,-0.00065625,0.12434375
2025-01-03 00:45:00+00:00,,,0.0,2.675,98.54,1470.575,98.54,0.0,0.00066875,0.125,0.0,0.4736818749999999,-0.00066875,0.12433125
2025-01-03 01:00:00+00:00,,,0.0,0.10725,92.04,1412.1,92.04,0.0,2.68125e-05,0.125,0.0,0.5924318749999999,-2.68125e-05,0.1249731875
2025-01-03 01:15:00+00:00,,,18.125,0.0,92.04,1412.1,92.04,0.00453125,0.0,0.12046875,0.0,0.7068771874999998,0.00453125,0.125
2025-01-03 01:30:00+00:00,,,18.275,0.0,92.04,1412.1,92.04,0.00456875,0.0,0.12043125,0.0,0.821286875,0.00456875,0.125
2025-01-03 01:45:00+00:00,,,14.325,0.0,92.04,1412.1,92.04,0.00358125,0.0,0.12141875,0.0,0.9366346874999999,0.00358125,0.125
2025-01-03 02:00:00+00:00,,,16.975,0.0,89.37,1407.85,89.37,0.00424375,0.0,0.12075625000000001,0.0,1.0513531249999999,0.00424375,0.125
2025-01-03 02:15:00+00:00,,,18.1,0.0,89.37,1407.85,89.37,0.004525,0.0,0.12047500000000001,0.0,1.1658043749999998,0.004525,0.125
2025-01-03 02:30:00+00:00,,,18.575,0.0,89.37,1407.85,89.37,0.0046437499999999994,0.0,0.12035625,0.0,1.2801428124999998,0.0046437499999999994,0.125
2025-01-03 02:45:00+00:00,,,20.675,0.0,89.37,1407.85,89.37,0.005168750000000001,0.0,0.11983125,0.0,1.3939824999999997,0.005168750000000001,0.125
2025-01-03 03:00:00+00:00,,,31.25,0.0,80.99,1210.775,80.99,0.0078125,0.0,0.1171875,0.0,1.5053106249999997,0.0078125,0.125
2025-01-03 03:15:00+00:00,,,21.8,0.0,80.99,1210.775,80.99,0.00545,0.0,0.11955000000000002,0.0,1.6188831249999995,0.00545,0.12500000000000003
2025-01-03 03:30:00+00:00,,,32.75,0.0,80.99,1210.775,80.99,0.0081875,0.0,0.11681250000000001,0.0,1.7298549999999997,0.0081875,0.125
2025-01-03 03:45:00+00:00,,,9.8,0.0,80.99,1210.775,80.99,0.0024500000000000004,0.0,0.12255000000000002,0.0,1.8462774999999996,0.0024500000000000004,0.12500000000000003
2025-01-03 04:00:00+00:00,,,21.625,0.0,99.97,1241.05,99.97,0.00540625,0.0,0.0,0.0,1.8462774999999996,0.00540625,0.00540625
2025-01-03 04:15:00+00:00,,,42.75,0.0,99.97,1241.05,99.97,0.0106875,0.0,0.0,0.0,1.8462774999999996,0.0106875,0.0106875
2025-01-03 04:30:00+00:00,,,22.95,0.0,99.97,1241.05,99.97,0.0057374999999999995,0.0,0.042731907894737256,0.0,1.8868728125,0.0057374999999999995,0.048469407894737256
2025-01-03 04:45:00+00:00,,,23.675,0.0,99.97,1241.05,99.97,0.00591875,0.0,0.11908125000000001,0.0,2.0,0.00591875,0.125
2025-01-03 05:00:00+00:00,,,0.1205,0.0,108.81,1399.825,108.81,3.0125e-05,0.0,0.0,0.0,2.0,3.0125e-05,3.0125e-05
2025-01-03 05:15:00+00:00,,,15.375,0.0,108.81,1399.825,108.81,0.00384375,0.0,0.0,0.0,2.0,0.00384375,0.00384375
2025-01-03 05:30:00+00:00,,,5.15,0.0,108.81,1399.825,108.81,0.0012875,0.0,0.0,0.0,2.0,0.0012875,0.0012875
2025-01-03 05:45:00+00:00,,,24.35,0.0,108.81,1399.825,108.81,0.0060875,0.0,0.0,0.0,2.0,0.0060875,0.0060875
2025-01-03 06:00:00+00:00,,,26.0,0.0,113.19,1450.625,113.19,0.0065,0.0,0.0,0.125,1.868421052631579,0.0065,-0.1185
2025-01-03 06:15:00+00:00,,,22.55,0.0,113.19,1450.625,113.19,0.0056375,0.0,0.0,0.125,1.736842105263158,0.0056375,-0.1193625
2025-01-03 06:30:00+00:00,,,25.25,0.0,113.19,1450.625,113.19,0.0063125,0.0,0.0,0.07325093750000021,1.6597358552631576,0.0063125,-0.06693843750000021
2025-01-03 06:45:00+00:00,,,16.975,0.0,113.19,1450.625,113.19,0.00424375,0.0,0.0,0.0,1.6597358552631576,0.00424375,0.00424375
2025-01-03 07:00:00+00:00,,,20.35,0.0,117.0,1561.7,117.0,0.0050875,0.0,0.0,0.125,1.5281569078947366,0.0050875,-0.1199125
2025-01-03 07:15:00+00:00,,,23.7,0.0,117.0,1561.7,117.0,0.005925,0.0,0.0,0.125,1.3965779605263156,0.005925,-0.119075
2025-01-03 07:30:00+00:00,,,24.275,0.0,117.0,1561.7,117.0,0.0060687499999999995,0.0,0.0,0.125,1.2649990131578945,0.0060687499999999995,-0.11893125
2025-01-03 07:45:00+00:00,,,22.475,0.0,117.0,1561.7,117.0,0.0056187500000000005,0.0,0.0,0.125,1.1334200657894735,0.0056187500000000005,-0.11938125
2025-01-03 08:00:00+00:00,,,18.375,0.0,147.51,1562.325,147.51,0.00459375,0.0,0.0,0.125,1.0018411184210523,0.00459375,-0.12040625
2025-01-03 08:15:00+00:00,,,14.65,0.0,147.51,1562.325,147.51,0.0036625,0.0,0.0,0.125,0.8702621710526314,0.0036625,-0.1213375
2025-01-03 08:30:00+00:00,,,28.75,0.0,147.51,1562.325,147.51,0.0071875,0.0,0.0,0.125,0.7386832236842102,0.0071875,-0.1178125
2025-01-03 08:45:00+00:00,,,8.975,0.0,147.51,1562.325,147.51,0.00224375,0.0,0.0,0.125,0.6071042763157892,0.00224375,-0.12275625
2025-01-03 09:00:00+00:00,,,28.0,0.0,145.19,1610.0,145.19,0.007,0.0,0.0,0.125,0.4755253289473682,0.007,-0.118
2025-01-03 09:15:00+00:00,,,0.0,9.075,145.19,1610.0,145.19,0.0,0.00226875,0.0,0.12273125000000001,0.3463345394736839,-0.00226875,-0.125
2025-01-03 09:30:00+00:00,,,0.0,12.6,145.19,1610.0,145.19,0.0,0.00315,0.0,0.12184999999999999,0.2180713815789471,-0.00315,-0.12499999999999999
2025-01-03 09:45:00+00:00,,,0.0,59.0,145.19,1610.0,145.19,0.0,0.01475,0.0,0.11024999999999999,0.10201874999999973,-0.01475,-0.12499999999999999
2025-01-03 10:00:00+00:00,,,0.0,77.25,101.44,1527.775,101.44,0.0,0.0193125,0.125,0.0,0.2207687499999997,-0.0193125,0.1056875
2025-01-03 10:15:00+00:00,,,0.0,92.0,101.44,1527.775,101.44,0.0,0.023,0.125,0.0,0.3395187499999997,-0.023,0.10200000000000001
2025-01-03 10:30:00+00:00,,,0.0,77.75,101.44,1527.775,101.44,0.0,0.0194375,0.125,0.0,0.45826874999999967,-0.0194375,0.1055625
2025-01-03 10:45:00+00:00,,,0.0,138.5,101.44,1527.775,101.44,0.0,0.034625,0.125,0.0,0.5770187499999997,-0.034625,0.090375
2025-01-03 11:00:00+00:00,,,0.0,181.5,95.63,1523.25,95.63,0.0,0.045375,0.125,0.0,0.6957687499999997,-0.045375,0.079625
2025-01-03 11:15:00+00:00,,,0.0,123.25,95.63,1523.25,95.63,0.0,0.0308125,0.125,0.0,0.8145187499999997,-0.0308125,0.09418750000000001
2025-01-03 11:30:00+00:00,,,0.0,68.0,95.63,1523.25,95.63,0.0,0.017,0.125,0.0,0.9332687499999998,-0.017,0.108
2025-01-03 11:45:00+00:00,,,0.0,39.0,95.63,1523.25,95.63,0.0,0.00975,0.125,0.0,1.0520187499999998,-0.00975,0.11525
2025-01-03 12:00:00+00:00,,,0.0,16.775,97.72,1575.2,97.72,0.0,0.0041937499999999996,0.125,0.0,1.1707687499999997,-0.0041937499999999996,0.12080625
2025-01-03 12:15:00+00:00,,,0.0,22.325,97.72,1575.2,97.72,0.0,0.005581249999999999,0.125,0.0,1.2895187499999998,-0.005581249999999999,0.11941875
2025-01-03 12:30:00+00:00,,,0.0,24.925,97.72,1575.2,97.72,0.0,0.00623125,0.125,0.0,1.40826875,-0.00623125,0.11876875
2025-01-03 12:45:00+00:00,,,8.5,0.0,97.72,1575.2,97.72,0.002125,0.0,0.122875,0.0,1.525,0.002125,0.125
2025-01-03 13:00:00+00:00,,,0.0,52.25,101.95,1639.5,101.95,0.0,0.0130625,0.125,0.0,1.6437499999999998,-0.0130625,0.1119375
2025-01-03 13:15:00+00:00,,,0.0,70.5,101.95,1639.5,101.95,0.0,0.017625,0.125,0.0,1.7625,-0.017625,0.107375
2025-01-03 13:30:00+00:00,,,0.0,60.5,101.95,1639.5,101.95,0.0,0.015125,0.125,0.0,1.8812499999999999,-0.015125,0.109875
2025-01-03 13:45:00+00:00,,,0.0,101.0,101.95,1639.5,101.95,0.0,0.02525,0.125,0.0,2.0,-0.02525,0.09975
2025-01-03 14:00:00+00:00,,,0.0,41.0,119.96,1755.2,119.96,0.0,0.01025,0.0,0.0,2.0,-0.01025,-0.01025
2025-01-03 14:15:00+00:00,,,0.0,44.25,119.96,1755.2,119.96,0.0,0.0110625,0.0,0.0,2.0,-0.0110625,-0.0110625
2025-01-03 14:30:00+00:00,,,0.0,32.25,119.96,1755.2,119.96,0.0,0.0080625,0.0,0.0,2.0,-0.0080625,-0.0080625
2025-01-03 14:45:00+00:00,,,0.0,29.75,119.96,1755.2,119.96,0.0,0.0074375,-0.0,0.0,2.0,-0.0074375,-0.0074375
2025-01-03 15:00:00+00:00,,,10.625,0.0,133.32,1870.55,133.32,0.00265625,0.0,0.0,0.0,2.0,0.00265625,0.00265625
2025-01-03 15:15:00+00:00,,,0.0,5.975,133.32,1870.55,133.32,0.0,0.0014937499999999999,0.0,0.0,2.0,-0.0014937499999999999,-0.0014937499999999999
2025-01-03 15:30:00+00:00,,,3.05,0.0,133.32,1870.55,133.32,0.0007624999999999999,0.0,0.0,0.0,2.0,0.0007624999999999999,0.0007624999999999999
2025-01-03 15:45:00+00:00,,,0.4625,0.0,133.32,1870.55,133.32,0.000115625,0.0,0.0,0.0,2.0,0.000115625,0.000115625
2025-01-03 16:00:00+00:00,,,26.0,0.0,158.28,1964.275,158.28,0.0065,0.0,0.0,0.125,1.868421052631579,0.0065,-0.1185
2025-01-03 16:15:00+00:00,,,26.0,0.0,158.28,1964.275,158.28,0.0065,0.0,0.0,0.125,1.736842105263158,0.0065,-0.1185
2025-01-03 16:30:00+00:00,,,54.25,0.0,158.28,1964.275,158.28,0.0135625,0.0,0.0,0.125,1.605263157894737,0.0135625,-0.1114375
2025-01-03 16:45:00+00:00,,,55.25,0.0,158.28,1964.275,158.28,0.0138125,0.0,0.0,0.125,1.473684210526316,0.0138125,-0.1111875
2025-01-03 17:00:00+00:00,,,25.75,0.0,166.95,2002.225,166.95,0.0064375,0.0,0.0,0.125,1.3421052631578947,0.0064375,-0.1185625
2025-01-03 17:15:00+00:00,,,26.75,0.0,166.95,2002.225,166.95,0.0066875,0.0,0.0,0.125,1.2105263157894737,0.0066875,-0.1183125
2025-01-03 17:30:00+00:00,,,53.25,0.0,166.95,2002.225,166.95,0.0133125,0.0,0.0,0.125,1.0789473684210527,0.0133125,-0.1116875
2025-01-03 17:45:00+00:00,,,34.75,0.0,166.95,2002.225,166.95,0.0086875,0.0,0.0,0.125,0.9473684210526316,0.0086875,-0.1163125
2025-01-03 18:00:00+00:00,,,51.5,0.0,161.94,1922.975,161.94,0.012875,0.0,0.0,0.125,0.8157894736842106,0.012875,-0.112125
2025-01-03 18:15:00+00:00,,,35.5,0.0,161.94,1922.975,161.94,0.008875,0.0,0.0,0.125,0.6842105263157896,0.008875,-0.116125
2025-01-03 18:30:00+00:00,,,44.25,0.0,161.94,1922.975,161.94,0.0110625,0.0,0.0,0.125,0.5526315789473685,0.0110625,-0.1139375
2025-01-03 18:45:00+00:00,,,27.5,0.0,161.94,1922.975,161.94,0.006875,0.0,0.0,0.125,0.42105263157894746,0.006875,-0.118125
2025-01-03 19:00:00+00:00,,,41.5,0.0,147.31,1816.35,147.31,0.010375,0.0,0.0,0.125,0.28947368421052644,0.010375,-0.114625
2025-01-03 19:15:00+00:00,,,17.125,0.0,147.31,1816.35,147.31,0.00428125,0.0,0.0,0.125,0.1578947368421054,0.00428125,-0.12071875
2025-01-03 19:30:00+00:00,,,17.95,0.0,147.31,1816.35,147.31,0.0044875,0.0,0.0,0.02500000000000013,0.13157894736842105,0.0044875,-0.020512500000000128
2025-01-03 19:45:00+00:00,,,18.5,0.0,147.31,1816.35,147.31,0.004625,0.0,0.0,0.125,0.0,0.004625,-0.120375
2025-01-03 20:00:00+00:00,,,18.05,0.0,124.91,1755.25,124.91,0.0045125,0.0,-0.0,0.0,-0.0,0.0045125,0.0045125
2025-01-03 20:15:00+00:00,,,13.75,0.0,124.91,1755.25,124.91,0.0034375,0.0,0.0,0.0,-0.0,0.0034375,0.0034375
2025-01-03 20:30:00+00:00,,,17.45,0.0,124.91,1755.25,124.91,0.0043625,0.0,0.0,0.0,-0.0,0.0043625,0.0043625
2025-01-03 20:45:00+00:00,,,15.4,0.0,124.91,1755.25,124.91,0.00385,0.0,0.0,0.0,-0.0,0.00385,0.00385
2025-01-03 21:00:00+00:00,,,15.475,0.0,138.25,1755.225,138.25,0.00386875,0.0,0.0,0.0,0.0,0.00386875,0.00386875
2025-01-03 21:15:00+00:00,,,16.075,0.0,138.25,1755.225,138.25,0.00401875,0.0,0.0,0.0,0.0,0.00401875,0.00401875
2025-01-03 21:30:00+00:00,,,15.325,0.0,138.25,1755.225,138.25,0.00383125,0.0,0.0,0.0,0.0,0.00383125,0.00383125
2025-01-03 21:45:00+00:00,,,15.45,0.0,138.25,1755.225,138.25,0.0038624999999999996,0.0,0.0,0.0,0.0,0.0038624999999999996,0.0038624999999999996
2025-01-03 22:00:00+00:00,,,16.075,0.0,136.75,1771.875,136.75,0.00401875,0.0,0.0,0.0,0.0,0.00401875,0.00401875
2025-01-03 22:15:00+00:00,,,15.3,0.0,136.75,1771.875,136.75,0.0038250000000000003,0.0,0.0,0.0,0.0,0.0038250000000000003,0.0038250000000000003
2025-01-03 22:30:00+00:00,,,14.975,0.0,136.75,1771.875,136.75,0.00374375,0.0,0.0,0.0,0.0,0.00374375,0.00374375
2025-01-03 22:45:00+00:00,,,15.35,0.0,136.75,1771.875,136.75,0.0038374999999999998,0.0,0.0,0.0,0.0,0.0038374999999999998,0.0038374999999999998
2025-01-03 23:00:00+00:00,,,0.0,5.65,115.0,1794.8,115.0,0.0,0.0014125000000000001,-0.0,0.0,0.0,-0.0014125000000000001,-0.0014125000000000001
2025-01-03 23:15:00+00:00,,,6.4,0.0,115.0,1794.8,115.0,0.0016,0.0,0.0,0.0,0.0,0.0016,0.0016
2025-01-03 23:30:00+00:00,,,15.425,0.0,115.0,1794.8,115.0,0.0038562500000000003,0.0,0.0,0.0,0.0,0.0038562500000000003,0.0038562500000000003
2025-01-03 23:45:00+00:00,,,7.5,0.0,115.0,1794.8,115.0,0.001875,0.0,0.0,0.0,0.0,0.001875,0.001875
2025-01-04 00:00:00+00:00,,,0.0,5.25,105.11,1710.125,105.11,0.0,0.0013125,-0.0,0.0,-0.0,-0.0013125,-0.0013125
2025-01-04 00:15:00+00:00,,,2.85,0.0,105.11,1710.125,105.11,0.0007125,0.0,0.0,0.0,0.0,0.0007125,0.0007125
2025-01-04 00:30:00+00:00,,,0.0,1.86,105.11,1710.125,105.11,0.0,0.000465,0.03433190789473646,0.0,0.03261531249999963,-0.000465,0.03386690789473646
2025-01-04 00:45:00+00:00,,,0.0,2.525,105.11,1710.125,105.11,0.0,0.00063125,0.125,0.0,0.15136531249999963,-0.00063125,0.12436875
2025-01-04 01:00:00+00:00,,,18.375,0.0,96.77,1651.325,96.77,0.00459375,0.0,0.12040625000000002,0.0,0.2657512499999996,0.00459375,0.12500000000000003
2025-01-04 01:15:00+00:00,,,18.825,0.0,96.77,1651.325,96.77,0.0047062499999999995,0.0,0.12029375000000002,0.0,0.38003031249999963,0.0047062499999999995,0.12500000000000003
2025-01-04 01:30:00+00:00,,,19.25,0.0,96.77,1651.325,96.77,0.0048125,0.0,0.1201875,0.0,0.4942084374999996,0.0048125,0.125
2025-01-04 01:45:00+00:00,,,6.825,0.0,96.77,1651.325,96.77,0.00170625,0.0,0.12329375000000001,0.0,0.6113374999999995,0.00170625,0.125
2025-01-04 02:00:00+00:00,,,0.0,4.025,94.7,1627.125,94.7,0.0,0.00100625,0.125,0.0,0.7300874999999996,-0.00100625,0.12399375
2025-01-04 02:15:00+00:00,,,0.9,0.0,94.7,1627.125,94.7,0.000225,0.0,0.124775,0.0,0.8486237499999996,0.000225,0.125
2025-01-04 02:30:00+00:00,,,24.125,0.0,94.7,1627.125,94.7,0.00603125,0.0,0.11896875000000001,0.0,0.9616440624999996,0.00603125,0.125
2025-01-04 02:45:00+00:00,,,17.1,0.0,94.7,1627.125,94.7,0.004275,0.0,0.120725,0.0,1.0763328124999996,0.004275,0.125
2025-01-04 03:00:00+00:00,,,15.85,0.0,96.32,1647.05,96.32,0.0039625,0.0,0.12103750000000002,0.0,1.1913184374999997,0.0039625,0.12500000000000003
2025-01-04 03:15:00+00:00,,,0.0,2.675,96.32,1647.05,96.32,0.0,0.00066875,0.125,0.0,1.3100684374999996,-0.00066875,0.12433125
2025-01-04 03:30:00+00:00,,,4.0,0.0,96.32,1647.05,96.32,0.001,0.0,0.12400000000000001,0.0,1.4278684374999997,0.001,0.125
2025-01-04 03:45:00+00:00,,,0.0,9.25,96.32,1647.05,96.32,0.0,0.0023125,0.125,0.0,1.5466184374999996,-0.0023125,0.1226875
2025-01-04 04:00:00+00:00,,,17.275,0.0,102.4,1649.575,102.4,0.00431875,0.0,0.12068125000000002,0.0,1.6612656249999997,0.00431875,0.12500000000000003
2025-01-04 04:15:00+00:00,,,18.15,0.0,102.4,1649.575,102.4,0.0045375,0.0,0.12046250000000001,0.0,1.7757049999999999,0.0045375,0.125
2025-01-04 04:30:00+00:00,,,16.6,0.0,102.4,1649.575,102.4,0.00415,0.0,0.12085000000000001,0.0,1.8905124999999998,0.00415,0.125
2025-01-04 04:45:00+00:00,,,39.0,0.0,102.4,1649.575,102.4,0.00975,0.0,0.11525,0.0,2.0,0.00975,0.125
2025-01-04 05:00:00+00:00,,,31.25,0.0,110.78,1589.15,110.78,0.0078125,0.0,0.0,0.0,2.0,0.0078125,0.0078125
2025-01-04 05:15:00+00:00,,,30.25,0.0,110.78,1589.15,110.78,0.0075625,0.0,0.0,0.0,2.0,0.0075625,0.0075625
2025-01-04 05:30:00+00:00,,,4.65,0.0,110.78,1589.15,110.78,0.0011625000000000001,0.0,0.0,0.0,2.0,0.0011625000000000001,0.0011625000000000001
2025-01-04 05:45:00+00:00,,,3.525,0.0,110.78,1589.15,110.78,0.00088125,0.0,-0.0,0.0,2.0,0.00088125,0.00088125
2025-01-04 06:00:00+00:00,,,20.1,0.0,120.1,1631.05,120.1,0.005025,0.0,0.0,0.0,2.0,0.005025,0.005025
2025-01-04 06:15:00+00:00,,,18.0,0.0,120.1,1631.05,120.1,0.0045,0.0,0.0,0.0,2.0,0.0045,0.0045
2025-01-04 06:30:00+00:00,,,14.15,0.0,120.1,1631.05,120.1,0.0035375000000000003,0.0,0.0,0.0,2.0,0.0035375000000000003,0.0035375000000000003
2025-01-04 06:45:00+00:00,,,5.1,0.0,120.1,1631.05,120.1,0.0012749999999999999,0.0,0.0,0.0,2.0,0.0012749999999999999,0.0012749999999999999
2025-01-04 07:00:00+00:00,,,20.075,0.0,128.39,1691.975,128.39,0.00501875,0.0,0.0,0.0,2.0,0.00501875,0.00501875
2025-01-04 07:15:00+00:00,,,23.175,0.0,128.39,1691.975,128.39,0.00579375,0.0,0.0,0.0,2.0,0.00579375,0.00579375
2025-01-04 07:30:00+00:00,,,23.025,0.0,128.39,1691.975,128.39,0.005756249999999999,0.0,0.0,0.0,2.0,0.005756249999999999,0.005756249999999999
2025-01-04 07:45:00+00:00,,,18.075,0.0,128.39,1691.975,128.39,0.00451875,0.0,0.0,0.0,2.0,0.00451875,0.00451875
2025-01-04 08:00:00+00:00,,,15.225,0.0,130.75,1793.25,130.75,0.0038062499999999997,0.0,0.0,0.0,2.0,0.0038062499999999997,0.0038062499999999997
2025-01-04 08:15:00+00:00,,,6.525,0.0,130.75,1793.25,130.75,0.00163125,0.0,0.0,0.0,2.0,0.00163125,0.00163125
2025-01-04 08:30:00+00:00,,,0.0,6.525,130.75,1793.25,130.75,0.0,0.00163125,0.0,0.0,2.0,-0.00163125,-0.00163125
2025-01-04 08:45:00+00:00,,,0.0,18.025,130.75,1793.25,130.75,0.0,0.00450625,0.0,0.0,2.0,-0.00450625,-0.00450625
2025-01-04 09:00:00+00:00,,,0.0,3.15,130.34,1826.7,130.34,0.0,0.0007875,0.0,0.0,2.0,-0.0007875,-0.0007875
2025-01-04 09:15:00+00:00,,,0.0,47.75,130.34,1826.7,130.34,0.0,0.0119375,0.0,0.0,2.0,-0.0119375,-0.0119375
2025-01-04 09:30:00+00:00,,,0.0,63.0,130.34,1826.7,130.34,0.0,0.01575,0.0,0.0,2.0,-0.01575,-0.01575
2025-01-04 09:45:00+00:00,,,0.0,78.25,130.34,1826.7,130.34,0.0,0.0195625,0.0,0.0,2.0,-0.0195625,-0.0195625
2025-01-04 10:00:00+00:00,,,0.0,88.0,128.29,1849.925,128.29,0.0,0.022,0.0,0.0,2.0,-0.022,-0.022
2025-01-04 10:15:00+00:00,,,0.0,140.75,128.29,1849.925,128.29,0.0,0.0351875,0.0,0.0,2.0,-0.0351875,-0.0351875
2025-01-04 10:30:00+00:00,,,0.0,147.75,128.29,1849.925,128.29,0.0,0.0369375,0.0,0.0,2.0,-0.0369375,-0.0369375
2025-01-04 10:45:00+00:00,,,0.0,163.75,128.29,1849.925,128.29,0.0,0.0409375,0.0,0.0,2.0,-0.0409375,-0.0409375
2025-01-04 11:00:00+00:00,,,0.0,151.5,130.03,1847.6,130.03,0.0,0.037875,0.0,0.0,2.0,-0.037875,-0.037875
2025-01-04 11:15:00+00:00,,,0.0,145.75,130.03,1847.6,130.03,0.0,0.0364375,0.0,0.0,2.0,-0.0364375,-0.0364375
2025-01-04 11:30:00+00:00,,,0.0,168.5,130.03,1847.6,130.03,0.0,0.042125,0.0,0.0,2.0,-0.042125,-0.042125
2025-01-04 11:45:00+00:00,,,0.0,188.0,130.03,1847.6,130.03,0.0,0.047,0.0,0.0,2.0,-0.047,-0.047
2025-01-04 12:00:00+00:00,,,0.0,178.5,129.85,1835.225,129.85,0.0,0.044625,0.0,0.0,2.0,-0.044625,-0.044625
2025-01-04 12:15:00+00:00,,,0.0,108.5,129.85,1835.225,129.85,0.0,0.027125,0.0,0.0,2.0,-0.027125,-0.027125
2025-01-04 12:30:00+00:00,,,0.0,96.0,129.85,1835.225,129.85,0.0,0.024,0.0,0.0,2.0,-0.024,-0.024
2025-01-04 12:45:00+00:00,,,0.0,58.5,129.85,1835.225,129.85,0.0,0.014625,0.0,0.0,2.0,-0.014625,-0.014625
2025-01-04 13:00:00+00:00,,,0.0,62.75,136.4,1871.725,136.4,0.0,0.0156875,0.0,0.0,2.0,-0.0156875,-0.0156875
2025-01-04 13:15:00+00:00,,,0.0,148.75,136.4,1871.725,136.4,0.0,0.0371875,0.0,0.0,2.0,-0.0371875,-0.0371875
2025-01-04 13:30:00+00:00,,,0.0,157.75,136.4,1871.725,136.4,0.0,0.0394375,0.0,0.0,2.0,-0.0394375,-0.0394375
2025-01-04 13:45:00+00:00,,,0.0,109.5,136.4,1871.725,136.4,0.0,0.027375,0.0,0.0,2.0,-0.027375,-0.027375
2025-01-04 14:00:00+00:00,,,0.0,58.25,138.81,1959.05,138.81,0.0,0.0145625,0.0,0.1104375,1.88375,-0.0145625,-0.125
2025-01-04 14:15:00+00:00,,,0.0,77.5,138.81,1959.05,138.81,0.0,0.019375,0.0,0.10562499999999998,1.7725657894736844,-0.019375,-0.12499999999999999
2025-01-04 14:30:00+00:00,,,0.0,57.0,138.81,1959.05,138.81,0.0,0.01425,0.0,0.11075,1.6559868421052633,-0.01425,-0.125
2025-01-04 14:45:00+00:00,,,0.0,8.275,138.81,1959.05,138.81,0.0,0.0020687500000000003,0.0,0.07318750000000025,1.5789473684210524,-0.0020687500000000003,-0.07525625000000025
2025-01-04 15:00:00+00:00,,,0.0,8.7,136.85,2066.025,136.85,0.0,0.002175,0.0,0.0,1.5789473684210524,-0.002175,-0.002175
2025-01-04 15:15:00+00:00,,,0.375,0.0,136.85,2066.025,136.85,9.375e-05,0.0,0.0,0.0,1.5789473684210524,9.375e-05,9.375e-05
2025-01-04 15:30:00+00:00,,,7.9,0.0,136.85,2066.025,136.85,0.001975,0.0,0.0,0.0,1.5789473684210524,0.001975,0.001975
2025-01-04 15:45:00+00:00,,,11.65,0.0,136.85,2066.025,136.85,0.0029125,0.0,0.0,0.0,1.5789473684210524,0.0029125,0.0029125
2025-01-04 16:00:00+00:00,,,17.2,0.0,142.53,2178.35,142.53,0.0043,0.0,0.0,0.125,1.4473684210526314,0.0043,-0.1207
2025-01-04 16:15:00+00:00,,,17.8,0.0,142.53,2178.35,142.53,0.00445,0.0,0.0,0.125,1.3157894736842104,0.00445,-0.12055
2025-01-04 16:30:00+00:00,,,17.275,0.0,142.53,2178.35,142.53,0.00431875,0.0,0.0,0.125,1.1842105263157894,0.00431875,-0.12068125
2025-01-04 16:45:00+00:00,,,46.75,0.0,142.53,2178.35,142.53,0.0116875,0.0,0.0,0.125,1.0526315789473684,0.0116875,-0.1133125
2025-01-04 17:00:00+00:00,,,45.5,0.0,144.38,2157.725,144.38,0.011375,0.0,0.0,0.125,0.9210526315789473,0.011375,-0.113625
2025-01-04 17:15:00+00:00,,,46.0,0.0,144.38,2157.725,144.38,0.0115,0.0,0.0,0.125,0.7894736842105262,0.0115,-0.1135
2025-01-04 17:30:00+00:00,,,48.25,0.0,144.38,2157.725,144.38,0.0120625,0.0,0.0,0.125,0.6578947368421052,0.0120625,-0.1129375
2025-01-04 17:45:00+00:00,,,47.75,0.0,144.38,2157.725,144.38,0.0119375,0.0,0.0,0.125,0.5263157894736842,0.0119375,-0.1130625
2025-01-04 18:00:00+00:00,,,47.75,0.0,138.84,2014.125,138.84,0.0119375,0.0,0.0,0.125,0.3947368421052631,0.0119375,-0.1130625
2025-01-04 18:15:00+00:00,,,48.0,0.0,138.84,2014.125,138.84,0.012,0.0,0.0,0.125,0.2631578947368421,0.012,-0.113
2025-01-04 18:30:00+00:00,,,17.5,0.0,138.84,2014.125,138.84,0.004375,0.0,0.0,0.125,0.13157894736842105,0.004375,-0.120625
2025-01-04 18:45:00+00:00,,,18.45,0.0,138.84,2014.125,138.84,0.004612499999999999,0.0,0.0,0.125,-0.0,0.004612499999999999,-0.1203875
2025-01-04 19:00:00+00:00,,,23.45,0.0,129.99,1814.35,129.99,0.0058625,0.0,0.0,0.0,-0.0,0.0058625,0.0058625
2025-01-04 19:15:00+00:00,,,19.775,0.0,129.99,1814.35,129.99,0.004943749999999999,0.0,0.0,0.0,0.0,0.004943749999999999,0.004943749999999999
2025-01-04 19:30:00+00:00,,,19.3,0.0,129.99,1814.35,129.99,0.004825,0.0,0.0,0.0,0.0,0.004825,0.004825
2025-01-04 19:45:00+00:00,,,17.325,0.0,129.99,1814.35,129.99,0.00433125,0.0,0.0,0.0,-0.0,0.00433125,0.00433125
2025-01-04 20:00:00+00:00,,,4.95,0.0,123.33,1658.775,123.33,0.0012375,0.0,0.0,0.0,-0.0,0.0012375,0.0012375
2025-01-04 20:15:00+00:00,,,16.675,0.0,123.33,1658.775,123.33,0.004168750000000001,0.0,0.0,0.0,0.0,0.004168750000000001,0.004168750000000001
2025-01-04 20:30:00+00:00,,,17.15,0.0,123.33,1658.775,123.33,0.0042875,0.0,0.0,0.0,0.0,0.0042875,0.0042875
2025-01-04 20:45:00+00:00,,,17.7,0.0,123.33,1658.775,123.33,0.004425,0.0,0.0,0.0,0.0,0.004425,0.004425
2025-01-04 21:00:00+00:00,,,16.425,0.0,118.76,1646.8,118.76,0.0041062500000000005,0.0,0.0,0.0,0.0,0.0041062500000000005,0.0041062500000000005
2025-01-04 21:15:00+00:00,,,22.275,0.0,118.76,1646.8,118.76,0.00556875,0.0,0.0,0.0,0.0,0.00556875,0.00556875
2025-01-04 21:30:00+00:00,,,16.3,0.0,118.76,1646.8,118.76,0.0040750000000000005,0.0,0.0,0.0,0.0,0.0040750000000000005,0.0040750000000000005
2025-01-04 21:45:00+00:00,,,15.3,0.0,118.76,1646.8,118.76,0.0038250000000000003,0.0,0.0,0.0,-0.0,0.0038250000000000003,0.0038250000000000003
2025-01-04 22:00:00+00:00,,,16.725,0.0,109.7,1593.9,109.7,0.00418125,0.0,0.0,0.0,-0.0,0.00418125,0.00418125
2025-01-04 22:15:00+00:00,,,18.675,0.0,109.7,1593.9,109.7,0.00466875,0.0,0.0,0.0,0.0,0.00466875,0.00466875
2025-01-04 22:30:00+00:00,,,8.4,0.0,109.7,1593.9,109.7,0.0021000000000000003,0.0,0.0,0.0,0.0,0.0021000000000000003,0.0021000000000000003
2025-01-04 22:45:00+00:00,,,0.0,4.475,109.7,1593.9,109.7,0.0,0.00111875,0.0,0.0,0.0,-0.00111875,-0.00111875
2025-01-04 23:00:00+00:00,,,15.95,0.0,106.68,1405.35,106.68,0.0039875,0.0,-0.0,0.0,0.0,0.0039875,0.0039875
2025-01-04 23:15:00+00:00,,,12.05,0.0,106.68,1405.35,106.68,0.0030125,0.0,0.0,0.0,0.0,0.0030125,0.0030125
2025-01-04 23:30:00+00:00,,,16.225,0.0,106.68,1405.35,106.68,0.00405625,0.0,0.0,0.0,0.0,0.00405625,0.00405625
2025-01-04 23:45:00+00:00,,,3.05,0.0,106.68,1405.35,106.68,0.0007624999999999999,0.0,0.0,0.0,0.0,0.0007624999999999999,0.0007624999999999999
2025-01-05 00:00:00+00:00,,,39.0,0.0,81.88,1365.425,81.88,0.00975,0.0,-0.0,0.0,-0.0,0.00975,0.00975
2025-01-05 00:15:00+00:00,,,37.75,0.0,81.88,1365.425,81.88,0.0094375,0.0,0.0,0.0,-0.0,0.0094375,0.0094375
2025-01-05 00:30:00+00:00,,,32.75,0.0,81.88,1365.425,81.88,0.0081875,0.0,0.0,0.0,-0.0,0.0081875,0.0081875
2025-01-05 00:45:00+00:00,,,20.075,0.0,81.88,1365.425,81.88,0.00501875,0.0,0.0,0.0,0.0,0.00501875,0.00501875
2025-01-05 01:00:00+00:00,,,36.0,0.0,74.6,1279.775,74.6,0.009,0.0,-0.0,0.0,-0.0,0.009,0.009
2025-01-05 01:15:00+00:00,,,18.1,0.0,74.6,1279.775,74.6,0.004525,0.0,0.0,0.0,-0.0,0.004525,0.004525
2025-01-05 01:30:00+00:00,,,15.75,0.0,74.6,1279.775,74.6,0.0039375,0.0,0.0,0.0,0.0,0.0039375,0.0039375
2025-01-05 01:45:00+00:00,,,13.675,0.0,74.6,1279.775,74.6,0.0034187500000000003,0.0,0.0,0.0,0.0,0.0034187500000000003,0.0034187500000000003
2025-01-05 02:00:00+00:00,,,16.175,0.0,63.59,1216.775,63.59,0.0040437500000000005,0.0,-0.0,0.0,-0.0,0.0040437500000000005,0.0040437500000000005
2025-01-05 02:15:00+00:00,,,21.1,0.0,63.59,1216.775,63.59,0.005275,0.0,0.0,0.0,0.0,0.005275,0.005275
2025-01-05 02:30:00+00:00,,,22.85,0.0,63.59,1216.775,63.59,0.0057125000000000006,0.0,0.0,0.0,0.0,0.0057125000000000006,0.0057125000000000006
2025-01-05 02:45:00+00:00,,,14.675,0.0,63.59,1216.775,63.59,0.00366875,0.0,0.0,0.0,0.0,0.00366875,0.00366875
2025-01-05 03:00:00+00:00,,,12.325,0.0,58.84,1188.1,58.84,0.00308125,0.0,-0.0,0.0,-0.0,0.00308125,0.00308125
2025-01-05 03:15:00+00:00,,,5.475,0.0,58.84,1188.1,58.84,0.00136875,0.0,0.0,0.0,-0.0,0.00136875,0.00136875
2025-01-05 03:30:00+00:00,,,0.12075,0.0,58.84,1188.1,58.84,3.01875e-05,0.0,0.0,0.0,0.0,3.01875e-05,3.01875e-05
2025-01-05 03:45:00+00:00,,,0.0,12.5,58.84,1188.1,58.84,0.0,0.003125,0.0,0.0,0.0,-0.003125,-0.003125
2025-01-05 04:00:00+00:00,,,0.0,38.5,51.18,1161.4,51.18,0.0,0.009625,0.125,0.0,0.11875,-0.009625,0.115375
2025-01-05 04:15:00+00:00,,,0.0,43.0,51.18,1161.4,51.18,0.0,0.01075,0.125,0.0,0.2375,-0.01075,0.11425
2025-01-05 04:30:00+00:00,,,0.0,30.75,51.18,1161.4,51.18,0.0,0.0076875,0.125,0.0,0.35624999999999996,-0.0076875,0.1173125
2025-01-05 04:45:00+00:00,,,0.0,35.75,51.18,1161.4,51.18,0.0,0.0089375,0.125,0.0,0.475,-0.0089375,0.1160625
2025-01-05 05:00:00+00:00,,,31.25,0.0,49.58,1183.575,49.58,0.0078125,0.0,0.1171875,0.0,0.5863281249999999,0.0078125,0.125
2025-01-05 05:15:00+00:00,,,3.175,0.0,49.58,1183.575,49.58,0.00079375,0.0,0.12420625000000002,0.0,0.7043240624999999,0.00079375,0.12500000000000003
2025-01-05 05:30:00+00:00,,,34.0,0.0,49.58,1183.575,49.58,0.0085,0.0,0.11649999999999999,0.0,0.8149990624999999,0.0085,0.125
2025-01-05 05:45:00+00:00,,,7.75,0.0,49.58,1183.575,49.58,0.0019375,0.0,0.1230625,0.0,0.9319084374999999,0.0019375,0.125
2025-01-05 06:00:00+00:00,,,56.0,0.0,54.29,1211.45,54.29,0.014,0.0,0.11100000000000002,0.0,1.0373584375,0.014,0.12500000000000003
2025-01-05 06:15:00+00:00,,,49.5,0.0,54.29,1211.45,54.29,0.012375,0.0,0.112625,0.0,1.1443521875,0.012375,0.125
2025-01-05 06:30:00+00:00,,,34.5,0.0,54.29,1211.45,54.29,0.008625,0.0,0.116375,0.0,1.2549084375,0.008625,0.125
2025-01-05 06:45:00+00:00,,,4.7,0.0,54.29,1211.45,54.29,0.001175,0.0,0.123825,0.0,1.3725421875,0.001175,0.125
2025-01-05 07:00:00+00:00,,,49.75,0.0,62.2,1266.825,62.2,0.0124375,0.0,0.0,0.0,1.3725421875,0.0124375,0.0124375
2025-01-05 07:15:00+00:00,,,53.75,0.0,62.2,1266.825,62.2,0.0134375,0.0,0.0,0.0,1.3725421875,0.0134375,0.0134375
2025-01-05 07:30:00+00:00,,,41.0,0.0,62.2,1266.825,62.2,0.01025,0.0,0.0,0.0,1.3725421875,0.01025,0.01025
2025-01-05 07:45:00+00:00,,,28.5,0.0,62.2,1266.825,62.2,0.007125,0.0,0.0,0.0,1.3725421875,0.007125,0.007125
2025-01-05 08:00:00+00:00,,,23.05,0.0,62.6,1277.275,62.6,0.0057625,0.0,0.0,0.125,1.2409632401315789,0.0057625,-0.1192375
2025-01-05 08:15:00+00:00,,,0.0,0.4,62.6,1277.275,62.6,0.0,0.0001,0.0,0.1249,1.1094895559210525,-0.0001,-0.125
2025-01-05 08:30:00+00:00,,,0.0,3.9,62.6,1277.275,62.6,0.0,0.000975,0.0,0.0844775781249999,1.0205657894736841,-0.000975,-0.0854525781249999
2025-01-05 08:45:00+00:00,,,0.0,21.25,62.6,1277.275,62.6,0.0,0.0053125,0.0,0.0,1.0205657894736841,-0.0053125,-0.0053125
2025-01-05 09:00:00+00:00,,,0.0,49.5,64.17,1281.475,64.17,0.0,0.012375,0.0,0.11262499999999999,0.9020131578947368,-0.012375,-0.12499999999999999
2025-01-05 09:15:00+00:00,,,0.0,43.25,64.17,1281.475,64.17,0.0,0.0108125,0.0,0.11418749999999998,0.7818157894736841,-0.0108125,-0.12499999999999999
2025-01-05 09:30:00+00:00,,,0.0,19.325,64.17,1281.475,64.17,0.0,0.00483125,0.0,0.12016874999999999,0.6553223684210525,-0.00483125,-0.12499999999999999
2025-01-05 09:45:00+00:00,,,0.0,9.775,64.17,1281.475,64.17,0.0,0.00244375,0.0,0.12255624999999999,0.5263157894736842,-0.00244375,-0.12499999999999999
2025-01-05 10:00:00+00:00,,,0.73,0.0,60.18,1271.55,60.18,0.0001825,0.0,0.0,0.0,0.5263157894736842,0.0001825,0.0001825
2025-01-05 10:15:00+00:00,,,22.1,0.0,60.18,1271.55,60.18,0.005525,0.0,0.0,0.0,0.5263157894736842,0.005525,0.005525
2025-01-05 10:30:00+00:00,,,35.0,0.0,60.18,1271.55,60.18,0.00875,0.0,0.0,0.0,0.5263157894736842,0.00875,0.00875
2025-01-05 10:45:00+00:00,,,40.0,0.0,60.18,1271.55,60.18,0.01,0.0,0.0,0.0,0.5263157894736842,0.01,0.01
2025-01-05 11:00:00+00:00,,,55.0,0.0,68.2,1263.1,68.2,0.01375,0.0,0.0,0.125,0.3947368421052631,0.01375,-0.11125
2025-01-05 11:15:00+00:00,,,53.75,0.0,68.2,1263.1,68.2,0.0134375,0.0,0.0,0.125,0.2631578947368421,0.0134375,-0.1115625
2025-01-05 11:30:00+00:00,,,53.0,0.0,68.2,1263.1,68.2,0.01325,0.0,0.0,0.125,0.13157894736842105,0.01325,-0.11175
2025-01-05 11:45:00+00:00,,,69.75,0.0,68.2,1263.1,68.2,0.0174375,0.0,0.0,0.125,-0.0,0.0174375,-0.1075625
2025-01-05 12:00:00+00:00,,,69.75,0.0,59.23,1230.625,59.23,0.0174375,0.0,0.0,0.0,-0.0,0.0174375,0.0174375
2025-01-05 12:15:00+00:00,,,71.25,0.0,59.23,1230.625,59.23,0.0178125,0.0,0.0,0.0,0.0,0.0178125,0.0178125
2025-01-05 12:30:00+00:00,,,101.0,0.0,59.23,1230.625,59.23,0.02525,0.0,0.0,0.0,0.0,0.02525,0.02525
2025-01-05 12:45:00+00:00,,,75.5,0.0,59.23,1230.625,59.23,0.018875,0.0,0.0,0.0,0.0,0.018875,0.018875
2025-01-05 13:00:00+00:00,,,73.25,0.0,52.71,1242.6,52.71,0.0183125,0.0,-0.0,0.0,0.0,0.0183125,0.0183125
2025-01-05 13:15:00+00:00,,,56.75,0.0,52.71,1242.6,52.71,0.0141875,0.0,0.038533240997230066,0.0,0.03660657894736856,0.0141875,0.052720740997230064
2025-01-05 13:30:00+00:00,,,59.5,0.0,52.71,1242.6,52.71,0.014875,0.0,0.11012500000000001,0.0,0.14122532894736853,0.014875,0.125
2025-01-05 13:45:00+00:00,,,57.75,0.0,52.71,1242.6,52.71,0.0144375,0.0,0.1105625,0.0,0.2462597039473685,0.0144375,0.125
2025-01-05 14:00:00+00:00,,,61.25,0.0,37.25,1244.8,37.25,0.0153125,0.0,0.1096875,0.0,0.35046282894736847,0.0153125,0.125
2025-01-05 14:15:00+00:00,,,92.25,0.0,37.25,1244.8,37.25,0.0230625,0.0,0.1019375,0.0,0.4473034539473685,0.0230625,0.125
2025-01-05 14:30:00+00:00,,,81.0,0.0,37.25,1244.8,37.25,0.02025,0.0,0.10475,0.0,0.5468159539473684,0.02025,0.125
2025-01-05 14:45:00+00:00,,,77.25,0.0,37.25,1244.8,37.25,0.0193125,0.0,0.10568750000000002,0.0,0.6472190789473685,0.0193125,0.12500000000000003
2025-01-05 15:00:00+00:00,,,89.0,0.0,39.38,1252.625,39.38,0.02225,0.0,0.10275000000000001,0.0,0.7448315789473685,0.02225,0.125
2025-01-05 15:15:00+00:00,,,87.75,0.0,39.38,1252.625,39.38,0.0219375,0.0,0.10306250000000002,0.0,0.8427409539473684,0.0219375,0.125
2025-01-05 15:30:00+00:00,,,59.0,0.0,39.38,1252.625,39.38,0.01475,0.0,0.11025000000000001,0.0,0.9474784539473684,0.01475,0.125
2025-01-05 15:45:00+00:00,,,57.25,0.0,39.38,1252.625,39.38,0.0143125,0.0,0.1106875,0.0,1.0526315789473684,0.0143125,0.125
2025-01-05 16:00:00+00:00,,,56.25,0.0,59.6,1331.225,59.6,0.0140625,0.0,0.0,0.125,0.9210526315789473,0.0140625,-0.1109375
2025-01-05 16:15:00+00:00,,,56.5,0.0,59.6,1331.225,59.6,0.014125,0.0,0.0,0.125,0.7894736842105262,0.014125,-0.110875
2025-01-05 16:30:00+00:00,,,43.5,0.0,59.6,1331.225,59.6,0.010875,0.0,0.0,0.125,0.6578947368421052,0.010875,-0.114125
2025-01-05 16:45:00+00:00,,,18.775,0.0,59.6,1331.225,59.6,0.00469375,0.0,0.0,0.125,0.5263157894736842,0.00469375,-0.12030625
2025-01-05 17:00:00+00:00,,,18.8,0.0,62.25,1359.75,62.25,0.0047,0.0,0.0,0.125,0.3947368421052631,0.0047,-0.1203
2025-01-05 17:15:00+00:00,,,17.225,0.0,62.25,1359.75,62.25,0.00430625,0.0,0.0,0.125,0.2631578947368421,0.00430625,-0.12069375
2025-01-05 17:30:00+00:00,,,17.85,0.0,62.25,1359.75,62.25,0.0044625,0.0,0.0,0.125,0.13157894736842105,0.0044625,-0.1205375
2025-01-05 17:45:00+00:00,,,17.225,0.0,62.25,1359.75,62.25,0.00430625,0.0,0.0,0.125,-0.0,0.00430625,-0.12069375
2025-01-05 18:00:00+00:00,,,16.675,0.0,54.18,1331.425,54.18,0.004168750000000001,0.0,0.0,0.0,-0.0,0.004168750000000001,0.004168750000000001
2025-01-05 18:15:00+00:00,,,18.925,0.0,54.18,1331.425,54.18,0.00473125,0.0,0.0,0.0,-0.0,0.00473125,0.00473125
2025-01-05 18:30:00+00:00,,,16.825,0.0,54.18,1331.425,54.18,0.00420625,0.0,0.0,0.0,0.0,0.00420625,0.00420625
2025-01-05 18:45:00+00:00,,,0.0,1.6875,54.18,1331.425,54.18,0.0,0.000421875,0.0,0.0,0.0,-0.000421875,-0.000421875
2025-01-05 19:00:00+00:00,,,0.0,5.075,44.5,1288.725,44.5,0.0,0.0012687500000000001,-0.0,0.0,-0.0,-0.0012687500000000001,-0.0012687500000000001
2025-01-05 19:15:00+00:00,,,0.0,5.25,44.5,1288.725,44.5,0.0,0.0013125,0.0,0.0,-0.0,-0.0013125,-0.0013125
2025-01-05 19:30:00+00:00,,,0.0,1.7775,44.5,1288.725,44.5,0.0,0.000444375,0.0,0.0,0.0,-0.000444375,-0.000444375
2025-01-05 19:45:00+00:00,,,0.0,8.925,44.5,1288.725,44.5,0.0,0.00223125,0.0,0.0,-0.0,-0.00223125,-0.00223125
2025-01-05 20:00:00+00:00,,,6.95,0.0,42.97,1229.7,42.97,0.0017375000000000001,0.0,0.0,0.0,-0.0,0.0017375000000000001,0.0017375000000000001
2025-01-05 20:15:00+00:00,,,17.925,0.0,42.97,1229.7,42.97,0.00448125,0.0,0.0,0.0,-0.0,0.00448125,0.00448125
2025-01-05 20:30:00+00:00,,,0.0,4.125,42.97,1229.7,42.97,0.0,0.00103125,0.0,0.0,0.0,-0.00103125,-0.00103125
2025-01-05 20:45:00+00:00,,,0.0,3.975,42.97,1229.7,42.97,0.0,0.00099375,0.0,0.0,0.0,-0.00099375,-0.00099375
2025-01-05 21:00:00+00:00,,,0.0,0.49,34.88,1217.0,34.88,0.0,0.0001225,-0.0,0.0,-0.0,-0.0001225,-0.0001225
2025-01-05 21:15:00+00:00,,,0.335,0.0,34.88,1217.0,34.88,8.375e-05,0.0,0.0,0.0,-0.0,8.375e-05,8.375e-05
2025-01-05 21:30:00+00:00,,,6.9,0.0,34.88,1217.0,34.88,0.0017250000000000002,0.0,0.0,0.0,-0.0,0.0017250000000000002,0.0017250000000000002
2025-01-05 21:45:00+00:00,,,19.875,0.0,34.88,1217.0,34.88,0.00496875,0.0,0.0,0.0,0.0,0.00496875,0.00496875
2025-01-05 22:00:00+00:00,,,21.55,0.0,20.36,1170.5,20.36,0.0053875,0.0,-0.0,0.0,-0.0,0.0053875,0.0053875
2025-01-05 22:15:00+00:00,,,18.725,0.0,20.36,1170.5,20.36,0.0046812500000000005,0.0,0.0,0.0,-0.0,0.0046812500000000005,0.0046812500000000005
2025-01-05 22:30:00+00:00,,,12.0,0.0,20.36,1170.5,20.36,0.003,0.0,0.0,0.0,0.0,0.003,0.003
2025-01-05 22:45:00+00:00,,,16.85,0.0,20.36,1170.5,20.36,0.0042125,0.0,0.0,0.0,0.0,0.0042125,0.0042125
